chr1,145589478,145589661,TXNIP,USF2
chr1,145589329,145589508,TXNIP,PAX3
chr1,145589195,145589375,TXNIP,HOXA10
chr1,145589090,145589270,TXNIP,TBX2
chr1,145589111,145589289,TXNIP,SRY
chr1,145589136,145589313,TXNIP,HOXB6
chr1,145589329,145589508,TXNIP,PAX7
chr1,145589405,145589585,TXNIP,SOX12
chr1,145589164,145589343,TXNIP,POU6F1
chr1,145589117,145589298,TXNIP,POU3F1
chr1,145589144,145589327,TXNIP,Stat4
chr1,145589116,145589297,TXNIP,POU2F1
chr1,145590014,145590196,TXNIP,ZBTB7A
chr1,145589150,145589329,TXNIP,HOXB9
chr1,145589930,145590112,TXNIP,NRL
chr1,145590139,145590319,TXNIP,TCF3
chr1,145589084,145589263,TXNIP,NEUROG1
chr1,145590126,145590310,TXNIP,ZBTB26
chr1,145589247,145589431,TXNIP,STAT1::STAT2
chr1,145589183,145589362,TXNIP,KLF5
chr1,145590476,145590661,TXNIP,POU4F3
chr1,145589150,145589329,TXNIP,HOXC9
chr1,145589904,145590086,TXNIP,DUXA
chr1,145590481,145590661,TXNIP,HOXD13
chr1,145589149,145589325,TXNIP,NFATC2
chr1,145589580,145589762,TXNIP,Dmrt1
chr1,145589161,145589343,TXNIP,HSF4
chr1,145589218,145589401,TXNIP,Arid5a
chr1,145589326,145589509,TXNIP,ONECUT3
chr1,145589160,145589346,TXNIP,Alx4
chr1,145589326,145589509,TXNIP,ONECUT2
chr1,145589132,145589311,TXNIP,SOX14
chr1,145590214,145590394,TXNIP,NFYA
chr1,145589150,145589330,TXNIP,HOXD10
chr1,145589716,145589897,TXNIP,ZNF652
chr1,145589084,145589263,TXNIP,OLIG2
chr1,145590069,145590249,TXNIP,TFAP2B(var.2)
chr1,145590727,145590909,TXNIP,TEAD1
chr1,145590071,145590253,TXNIP,ZFP57
chr1,145590727,145590908,TXNIP,TEAD4
chr1,145589151,145589338,TXNIP,IRF2
chr1,145589416,145589596,TXNIP,TFAP2E
chr1,145589333,145589515,TXNIP,ATF2
chr1,145589165,145589344,TXNIP,ETS2
chr1,145589289,145589467,TXNIP,IRF6
chr1,145589147,145589337,TXNIP,IRF1
chr1,145589182,145589366,TXNIP,FOXE1
chr1,145590657,145590839,TXNIP,EBF3
chr1,145589160,145589345,TXNIP,SIX2
chr1,145589231,145589411,TXNIP,TFDP1
chr1,145589429,145589613,TXNIP,Nr5a2
chr1,145589093,145589276,TXNIP,TFAP2C(var.2)
chr1,145590020,145590199,TXNIP,TFAP4
chr1,145589228,145589412,TXNIP,ZIC4
chr1,145590753,145590934,TXNIP,TCF7L1
chr1,145590281,145590465,TXNIP,PKNOX1
chr1,145589271,145589453,TXNIP,BACH1
chr1,145589909,145590089,TXNIP,FOXB1
chr1,145589084,145589263,TXNIP,OLIG1
chr1,145589905,145590085,TXNIP,DUX4
chr1,145589165,145589345,TXNIP,SPDEF
chr1,145590255,145590442,TXNIP,GATA1::TAL1
chr1,145590809,145590992,TXNIP,IRF5
chr1,145589151,145589332,TXNIP,ZSCAN29
chr1,145589083,145589264,TXNIP,BHLHE23
chr1,145589115,145589297,TXNIP,NFIL3
chr1,145589900,145590081,TXNIP,GFI1
chr1,145589261,145589440,TXNIP,ATOH1(var.2)
chr1,145589114,145589297,TXNIP,HLF
chr1,145590948,145591134,TXNIP,Hmx1
chr1,145589132,145589318,TXNIP,Hmx3
chr1,145589076,145589258,TXNIP,Lhx3
chr1,145589948,145590135,TXNIP,TP73
chr1,145589135,145589317,TXNIP,MEIS1(var.2)
chr1,145589975,145590156,TXNIP,MEF2D
chr1,145589975,145590156,TXNIP,MEF2B
chr1,145590803,145590993,TXNIP,IRF3
chr1,150600284,150601757,MCL1,USF2
chr1,150601319,150602788,MCL1,PAX3
chr1,150600649,150602119,MCL1,HOXA10
chr1,150600868,150602338,MCL1,TBX2
chr1,150600135,150601603,MCL1,SRY
chr1,150600239,150601706,MCL1,HOXB6
chr1,150600127,150601597,MCL1,PROP1
chr1,150601124,150602594,MCL1,PHOX2A
chr1,150600128,150601597,MCL1,PAX7
chr1,150600569,150602039,MCL1,SOX12
chr1,150601155,150602625,MCL1,HOXC13
chr1,150600222,150601693,MCL1,ZNF148
chr1,150600648,150602120,MCL1,HNF4G
chr1,150600658,150602127,MCL1,POU6F1
chr1,150600660,150602131,MCL1,POU3F1
chr1,150600460,150601933,MCL1,Stat4
chr1,150600248,150601719,MCL1,POU2F1
chr1,150600646,150602118,MCL1,HSF2
chr1,150601019,150602491,MCL1,ZBTB7A
chr1,150600498,150601970,MCL1,NRL
chr1,150600157,150601627,MCL1,TCF3
chr1,150601424,150602893,MCL1,NEUROG1
chr1,150600110,150601584,MCL1,ZBTB26
chr1,150600813,150602287,MCL1,STAT1::STAT2
chr1,150600273,150601742,MCL1,KLF5
chr1,150600458,150601933,MCL1,POU4F3
chr1,150600176,150601646,MCL1,KLF16
chr1,150600139,150601611,MCL1,DUXA
chr1,150600570,150602040,MCL1,HOXD13
chr1,150600076,150601542,MCL1,NFATC2
chr1,150600761,150602233,MCL1,Dmrt1
chr1,150600368,150601840,MCL1,HSF4
chr1,150600107,150601580,MCL1,Arid5a
chr1,150600648,150602120,MCL1,HNF4A
chr1,150601486,150602959,MCL1,ONECUT3
chr1,150600654,150602130,MCL1,Alx4
chr1,150600496,150601971,MCL1,ONECUT1
chr1,150601486,150602959,MCL1,ONECUT2
chr1,150600406,150601875,MCL1,SOX14
chr1,150600671,150602141,MCL1,NFYA
chr1,150600460,150601933,MCL1,POU4F1
chr1,150601509,150602980,MCL1,ZNF652
chr1,150601424,150602893,MCL1,OLIG2
chr1,150600138,150601608,MCL1,TFAP2B(var.2)
chr1,150600083,150601562,MCL1,SPI1
chr1,150600162,150601632,MCL1,ELK4
chr1,150600248,150601719,MCL1,HINFP
chr1,150600581,150602053,MCL1,TEAD1
chr1,150600300,150601772,MCL1,ZFP57
chr1,150600581,150602052,MCL1,TEAD4
chr1,150600162,150601631,MCL1,FLI1
chr1,150600162,150601631,MCL1,ERF
chr1,150600123,150601595,MCL1,OVOL2
chr1,150600215,150601692,MCL1,IRF2
chr1,150600162,150601631,MCL1,ETV3
chr1,150600162,150601631,MCL1,ELK1
chr1,150600194,150601664,MCL1,TFAP2E
chr1,150601060,150602532,MCL1,ATF2
chr1,150600491,150601960,MCL1,ETS2
chr1,150600162,150601631,MCL1,ELK3
chr1,150600121,150601589,MCL1,IRF6
chr1,150600691,150602171,MCL1,IRF1
chr1,150600085,150601560,MCL1,SPIB
chr1,150600423,150601894,MCL1,CTCFL
chr1,150600879,150602352,MCL1,PLAG1
chr1,150600160,150601634,MCL1,FOXE1
chr1,150600134,150601606,MCL1,ZNF740
chr1,150600710,150602183,MCL1,GLIS2
chr1,150601821,150603296,MCL1,SIX2
chr1,150600279,150601749,MCL1,TFDP1
chr1,150600286,150601755,MCL1,HES2
chr1,150600613,150602087,MCL1,Nr5a2
chr1,150600285,150601756,MCL1,MYC
chr1,150600190,150601662,MCL1,Plagl1
chr1,150600176,150601646,MCL1,KLF15
chr1,150601132,150602605,MCL1,TFAP2C(var.2)
chr1,150601436,150602908,MCL1,TFAP2C(var.3)
chr1,150600205,150601674,MCL1,TCFL5
chr1,150600285,150601756,MCL1,MYCN
chr1,150600286,150601756,MCL1,MAX::MYC
chr1,150600230,150601699,MCL1,TFAP4
chr1,150600896,150602370,MCL1,ZIC4
chr1,150600239,150601710,MCL1,ZBTB14
chr1,150600201,150601674,MCL1,EGR1
chr1,150600446,150601918,MCL1,TFAP2B(var.3)
chr1,150600446,150601918,MCL1,TFAP2A(var.3)
chr1,150600939,150602411,MCL1,E2F6
chr1,150600286,150601756,MCL1,TFEC
chr1,150600294,150601767,MCL1,CREB3
chr1,150600286,150601755,MCL1,BHLHE41
chr1,150601843,150603314,MCL1,TCF7L1
chr1,150600499,150601973,MCL1,PKNOX1
chr1,150600124,150601602,MCL1,CTCF
chr1,150600982,150602452,MCL1,FOXB1
chr1,150601094,150602567,MCL1,ATF4
chr1,150601424,150602893,MCL1,OLIG1
chr1,150601090,150602561,MCL1,CREB3L4(var.2)
chr1,150600140,150601610,MCL1,DUX4
chr1,150600814,150602284,MCL1,SPDEF
chr1,150600101,150601578,MCL1,GATA1::TAL1
chr1,150601232,150602705,MCL1,IRF5
chr1,150600132,150601605,MCL1,E2F4
chr1,150600566,150602040,MCL1,KLF17
chr1,150600105,150601576,MCL1,ZSCAN29
chr1,150600514,150601985,MCL1,MYBL1
chr1,150600179,150601649,MCL1,EGR2
chr1,150601423,150602894,MCL1,BHLHE23
chr1,150601165,150602641,MCL1,SP4
chr1,150600199,150601673,MCL1,EGR3
chr1,150600455,150601927,MCL1,NFIL3
chr1,150600199,150601674,MCL1,EGR4
chr1,150600754,150602226,MCL1,ESRRA
chr1,150600402,150601873,MCL1,GFI1
chr1,150601135,150602609,MCL1,SP1
chr1,150600230,150601699,MCL1,ATOH1(var.2)
chr1,150600454,150601927,MCL1,HLF
chr1,150600175,150601648,MCL1,KLF14
chr1,150600200,150601670,MCL1,NRF1
chr1,150600585,150602061,MCL1,Hmx1
chr1,150600160,150601631,MCL1,ELF4
chr1,150600236,150601712,MCL1,SP2
chr1,150600600,150602071,MCL1,E2F1
chr1,150600585,150602061,MCL1,Hmx3
chr1,150600160,150601631,MCL1,ELF2
chr1,150600656,150602128,MCL1,Lhx3
chr1,150600520,150601997,MCL1,TP73
chr1,150600613,150602084,MCL1,MEF2D
chr1,150600756,150602226,MCL1,ESRRB
chr1,150600502,150601978,MCL1,NR3C2
chr1,150601098,150602572,MCL1,ZBTB33
chr1,150600161,150601631,MCL1,ETV2
chr1,150600289,150601764,MCL1,ZNF274
chr1,150600610,150602080,MCL1,HOXC12
chr1,150600071,150601541,MCL1,GCM1
chr1,150600740,150602214,MCL1,Prdm15
chr1,150600525,150602001,MCL1,Six3
chr1,150600613,150602084,MCL1,MEF2B
chr1,150600112,150601586,MCL1,Pou5f1::Sox2
chr1,161277177,161277340,ADAMTS4,USF2
chr1,161276375,161276534,ADAMTS4,PAX3
chr1,161276608,161276768,ADAMTS4,HOXA10
chr1,161276338,161276498,ADAMTS4,TBX2
chr1,161276391,161276549,ADAMTS4,SRY
chr1,161276072,161276229,ADAMTS4,HOXB6
chr1,161276609,161276769,ADAMTS4,PHOX2A
chr1,161276375,161276534,ADAMTS4,PAX7
chr1,161276512,161276672,ADAMTS4,SOX12
chr1,161276223,161276383,ADAMTS4,HOXC13
chr1,161277166,161277327,ADAMTS4,ZNF148
chr1,161277319,161277481,ADAMTS4,HNF4G
chr1,161276022,161276181,ADAMTS4,POU6F1
chr1,161276437,161276598,ADAMTS4,POU3F1
chr1,161276095,161276258,ADAMTS4,Stat4
chr1,161276436,161276597,ADAMTS4,POU2F1
chr1,161276342,161276504,ADAMTS4,HSF2
chr1,161276130,161276292,ADAMTS4,ZBTB7A
chr1,161276066,161276228,ADAMTS4,NRL
chr1,161276255,161276415,ADAMTS4,TCF3
chr1,161275962,161276126,ADAMTS4,ZBTB26
chr1,161276448,161276612,ADAMTS4,STAT1::STAT2
chr1,161276836,161276995,ADAMTS4,KLF5
chr1,161276370,161276535,ADAMTS4,POU4F3
chr1,161276835,161276995,ADAMTS4,KLF16
chr1,161276005,161276167,ADAMTS4,DUXA
chr1,161277197,161277357,ADAMTS4,HOXD13
chr1,161276543,161276699,ADAMTS4,NFATC2
chr1,161276510,161276672,ADAMTS4,Dmrt1
chr1,161276544,161276707,ADAMTS4,Arid5a
chr1,161277319,161277481,ADAMTS4,HNF4A
chr1,161276291,161276457,ADAMTS4,Alx4
chr1,161276372,161276537,ADAMTS4,ONECUT1
chr1,161276374,161276537,ADAMTS4,ONECUT2
chr1,161276390,161276549,ADAMTS4,SOX14
chr1,161276482,161276642,ADAMTS4,NFYA
chr1,161276370,161276533,ADAMTS4,POU4F1
chr1,161276264,161276425,ADAMTS4,ZNF652
chr1,161275999,161276159,ADAMTS4,TFAP2B(var.2)
chr1,161276290,161276459,ADAMTS4,SPI1
chr1,161276460,161276620,ADAMTS4,ELK4
chr1,161276156,161276317,ADAMTS4,HINFP
chr1,161276241,161276403,ADAMTS4,TEAD1
chr1,161276313,161276475,ADAMTS4,ZFP57
chr1,161276242,161276403,ADAMTS4,TEAD4
chr1,161277225,161277384,ADAMTS4,FLI1
chr1,161277225,161277384,ADAMTS4,ERF
chr1,161276033,161276200,ADAMTS4,IRF2
chr1,161276456,161276615,ADAMTS4,ETV3
chr1,161277225,161277384,ADAMTS4,ELK1
chr1,161276584,161276744,ADAMTS4,TFAP2E
chr1,161276289,161276451,ADAMTS4,ATF2
chr1,161276457,161276616,ADAMTS4,ETS2
chr1,161277225,161277384,ADAMTS4,ELK3
chr1,161276277,161276435,ADAMTS4,IRF6
chr1,161276029,161276199,ADAMTS4,IRF1
chr1,161277171,161277336,ADAMTS4,SPIB
chr1,161276925,161277086,ADAMTS4,CTCFL
chr1,161276057,161276220,ADAMTS4,PLAG1
chr1,161276013,161276177,ADAMTS4,FOXE1
chr1,161276159,161276321,ADAMTS4,ZNF740
chr1,161275985,161276147,ADAMTS4,EBF3
chr1,161276542,161276705,ADAMTS4,GLIS2
chr1,161276294,161276459,ADAMTS4,SIX2
chr1,161275970,161276130,ADAMTS4,TFDP1
chr1,161276475,161276634,ADAMTS4,HES2
chr1,161276370,161276534,ADAMTS4,Nr5a2
chr1,161276474,161276635,ADAMTS4,MYC
chr1,161276687,161276849,ADAMTS4,Plagl1
chr1,161277192,161277352,ADAMTS4,KLF15
chr1,161277161,161277324,ADAMTS4,TFAP2C(var.2)
chr1,161276583,161276745,ADAMTS4,TFAP2C(var.3)
chr1,161276692,161276851,ADAMTS4,TCFL5
chr1,161276474,161276635,ADAMTS4,MYCN
chr1,161276058,161276217,ADAMTS4,TFAP4
chr1,161276825,161276986,ADAMTS4,ZBTB14
chr1,161276977,161277140,ADAMTS4,EGR1
chr1,161276583,161276745,ADAMTS4,TFAP2B(var.3)
chr1,161276583,161276745,ADAMTS4,TFAP2A(var.3)
chr1,161276860,161277022,ADAMTS4,E2F6
chr1,161276474,161276634,ADAMTS4,TFEC
chr1,161276475,161276634,ADAMTS4,BHLHE41
chr1,161276989,161277150,ADAMTS4,TCF7L1
chr1,161276040,161276204,ADAMTS4,PKNOX1
chr1,161276287,161276447,ADAMTS4,FOXB1
chr1,161276046,161276209,ADAMTS4,ATF4
chr1,161276366,161276526,ADAMTS4,DUX4
chr1,161276456,161276616,ADAMTS4,SPDEF
chr1,161276389,161276556,ADAMTS4,GATA1::TAL1
chr1,161276354,161276517,ADAMTS4,IRF5
chr1,161276041,161276204,ADAMTS4,Mecom
chr1,161277189,161277355,ADAMTS4,SP4
chr1,161276244,161276407,ADAMTS4,FERD3L
chr1,161276435,161276597,ADAMTS4,NFIL3
chr1,161276663,161276825,ADAMTS4,ESRRA
chr1,161275984,161276148,ADAMTS4,EBF1
chr1,161276990,161277151,ADAMTS4,GFI1
chr1,161277189,161277353,ADAMTS4,SP1
chr1,161276058,161276217,ADAMTS4,ATOH1(var.2)
chr1,161276434,161276597,ADAMTS4,HLF
chr1,161277191,161277354,ADAMTS4,KLF14
chr1,161277135,161277295,ADAMTS4,NRF1
chr1,161276290,161276456,ADAMTS4,Hmx1
chr1,161276458,161276619,ADAMTS4,ELF4
chr1,161276738,161276904,ADAMTS4,SP2
chr1,161276668,161276829,ADAMTS4,E2F1
chr1,161276290,161276456,ADAMTS4,Hmx3
chr1,161276458,161276619,ADAMTS4,ELF2
chr1,161276361,161276523,ADAMTS4,Lhx3
chr1,161276923,161277085,ADAMTS4,MEIS1(var.2)
chr1,161276465,161276626,ADAMTS4,MEF2D
chr1,161276663,161276823,ADAMTS4,ESRRB
chr1,161276094,161276260,ADAMTS4,NR3C2
chr1,161277225,161277385,ADAMTS4,ETV2
chr1,161276343,161276508,ADAMTS4,ZNF274
chr1,161276066,161276226,ADAMTS4,HOXC12
chr1,161276317,161276482,ADAMTS4,PHOX2B
chr1,161276231,161276395,ADAMTS4,Prdm15
chr1,161276180,161276346,ADAMTS4,Six3
chr1,161276465,161276626,ADAMTS4,MEF2B
chr1,161276747,161276914,ADAMTS4,NHLH2
chr1,182360278,182360596,GLUL,SRY
chr1,182360055,182360372,GLUL,HOXB6
chr1,182360252,182360572,GLUL,SOX12
chr1,182360001,182360322,GLUL,ZNF148
chr1,182360118,182360439,GLUL,POU3F1
chr1,182360119,182360440,GLUL,POU2F1
chr1,182360000,182360319,GLUL,KLF5
chr1,182359999,182360319,GLUL,KLF16
chr1,182359994,182360310,GLUL,NFATC2
chr1,182360256,182360575,GLUL,SOX14
chr1,182360146,182360465,GLUL,TFAP4
chr1,182359997,182360320,GLUL,EGR1
chr1,182360119,182360442,GLUL,ATF4
chr1,182360060,182360387,GLUL,GATA1::TAL1
chr1,182360039,182360360,GLUL,ZSCAN29
chr1,182360146,182360465,GLUL,ATOH1(var.2)
chr10,71245170,71246443,SRGN,USF2
chr10,71243917,71245187,SRGN,HOXA10
chr10,71243968,71245238,SRGN,TBX2
chr10,71243905,71245173,SRGN,SRY
chr10,71244335,71245602,SRGN,HOXB6
chr10,71243654,71244925,SRGN,ZNF148
chr10,71245132,71246404,SRGN,HNF4G
chr10,71244977,71246248,SRGN,POU3F1
chr10,71244709,71245982,SRGN,Stat4
chr10,71244017,71245288,SRGN,POU2F1
chr10,71244708,71245980,SRGN,ZBTB7A
chr10,71244640,71245909,SRGN,HOXB9
chr10,71244553,71245825,SRGN,NRL
chr10,71244594,71245864,SRGN,TCF3
chr10,71244515,71245789,SRGN,ZBTB26
chr10,71244247,71245521,SRGN,STAT1::STAT2
chr10,71243713,71244982,SRGN,KLF5
chr10,71243632,71244902,SRGN,KLF16
chr10,71244640,71245909,SRGN,HOXC9
chr10,71244431,71245703,SRGN,DUXA
chr10,71245296,71246566,SRGN,HOXD13
chr10,71243726,71244992,SRGN,NFATC2
chr10,71244133,71245405,SRGN,Dmrt1
chr10,71244644,71245917,SRGN,Arid5a
chr10,71245132,71246404,SRGN,HNF4A
chr10,71244516,71245789,SRGN,ONECUT3
chr10,71244140,71245415,SRGN,ONECUT1
chr10,71244516,71245789,SRGN,ONECUT2
chr10,71243904,71245173,SRGN,SOX14
chr10,71244763,71246033,SRGN,NFYA
chr10,71243918,71245191,SRGN,POU4F1
chr10,71244639,71245909,SRGN,HOXD10
chr10,71243885,71245156,SRGN,ZNF652
chr10,71244211,71245481,SRGN,TFAP2B(var.2)
chr10,71244709,71245979,SRGN,ELK4
chr10,71244703,71245974,SRGN,HINFP
chr10,71244000,71245272,SRGN,TEAD1
chr10,71244588,71245859,SRGN,TEAD4
chr10,71243922,71245191,SRGN,FLI1
chr10,71243805,71245074,SRGN,ETV3
chr10,71243805,71245074,SRGN,ELK1
chr10,71244318,71245588,SRGN,TFAP2E
chr10,71243731,71245003,SRGN,ATF2
chr10,71244710,71245979,SRGN,ELK3
chr10,71243802,71245077,SRGN,SPIB
chr10,71244562,71245833,SRGN,CTCFL
chr10,71244746,71246020,SRGN,FOXE1
chr10,71244400,71245672,SRGN,EBF3
chr10,71245122,71246395,SRGN,ZIC1
chr10,71244475,71245750,SRGN,SIX2
chr10,71244877,71246147,SRGN,TFDP1
chr10,71243980,71245254,SRGN,Nr5a2
chr10,71244308,71245580,SRGN,Plagl1
chr10,71244819,71246089,SRGN,KLF15
chr10,71244984,71246257,SRGN,TFAP2C(var.2)
chr10,71244217,71245489,SRGN,TFAP2C(var.3)
chr10,71243973,71245242,SRGN,TFAP4
chr10,71245121,71246395,SRGN,ZIC4
chr10,71244815,71246088,SRGN,EGR1
chr10,71244217,71245489,SRGN,TFAP2B(var.3)
chr10,71244217,71245489,SRGN,TFAP2A(var.3)
chr10,71244674,71245946,SRGN,E2F6
chr10,71243978,71245248,SRGN,TFEC
chr10,71243977,71245250,SRGN,CREB3
chr10,71243800,71245074,SRGN,PKNOX1
chr10,71244063,71245335,SRGN,BACH1
chr10,71244234,71245512,SRGN,CTCF
chr10,71244436,71245706,SRGN,FOXB1
chr10,71243968,71245241,SRGN,ATF4
chr10,71243978,71245249,SRGN,CREB3L4(var.2)
chr10,71244432,71245702,SRGN,DUX4
chr10,71243925,71245195,SRGN,SPDEF
chr10,71244542,71245819,SRGN,GATA1::TAL1
chr10,71243663,71244937,SRGN,KLF17
chr10,71244452,71245723,SRGN,ZSCAN29
chr10,71245027,71246297,SRGN,EGR2
chr10,71243827,71245100,SRGN,Mecom
chr10,71244814,71246088,SRGN,EGR3
chr10,71244813,71246088,SRGN,EGR4
chr10,71243766,71245038,SRGN,ESRRA
chr10,71244399,71245673,SRGN,EBF1
chr10,71245406,71246677,SRGN,GFI1
chr10,71243973,71245242,SRGN,ATOH1(var.2)
chr10,71244817,71246090,SRGN,KLF14
chr10,71244503,71245779,SRGN,Hmx1
chr10,71243805,71245076,SRGN,ELF4
chr10,71244503,71245779,SRGN,Hmx3
chr10,71243805,71245076,SRGN,ELF2
chr10,71243687,71244959,SRGN,NFKB2
chr10,71244044,71245316,SRGN,MEIS1(var.2)
chr10,71243768,71245038,SRGN,ESRRB
chr10,71245094,71246370,SRGN,NR3C2
chr10,71243802,71245077,SRGN,ZNF274
chr10,71243643,71244913,SRGN,GCM1
chr10,71245350,71246627,SRGN,NHLH2
chr16,55537300,55538423,MMP2,USF2
chr16,55536933,55538053,MMP2,HOXA10
chr16,55537257,55538377,MMP2,TBX2
chr16,55537120,55538238,MMP2,SRY
chr16,55536834,55537951,MMP2,HOXB6
chr16,55537055,55538176,MMP2,POU3F1
chr16,55537671,55538794,MMP2,Stat4
chr16,55537056,55538177,MMP2,POU2F1
chr16,55537881,55539003,MMP2,NRL
chr16,55537726,55538846,MMP2,TCF3
chr16,55537354,55538478,MMP2,ZBTB26
chr16,55536990,55538112,MMP2,DUXA
chr16,55537428,55538548,MMP2,HOXD13
chr16,55536803,55537919,MMP2,NFATC2
chr16,55537175,55538298,MMP2,Arid5a
chr16,55536986,55538109,MMP2,ONECUT3
chr16,55536984,55538109,MMP2,ONECUT1
chr16,55536986,55538109,MMP2,ONECUT2
chr16,55537508,55538627,MMP2,SOX14
chr16,55537513,55538636,MMP2,POU4F1
chr16,55537204,55538325,MMP2,ZNF652
chr16,55537077,55538197,MMP2,TFAP2B(var.2)
chr16,55537842,55538962,MMP2,TFAP2E
chr16,55537553,55538683,MMP2,IRF1
chr16,55537043,55538167,MMP2,FOXE1
chr16,55537652,55538777,MMP2,SIX2
chr16,55537074,55538198,MMP2,Nr5a2
chr16,55537842,55538964,MMP2,TFAP2C(var.3)
chr16,55537842,55538964,MMP2,TFAP2B(var.3)
chr16,55537842,55538964,MMP2,TFAP2A(var.3)
chr16,55537002,55538122,MMP2,FOXB1
chr16,55536991,55538111,MMP2,DUX4
chr16,55537237,55538358,MMP2,ZSCAN29
chr16,55537853,55538975,MMP2,ESRRA
chr16,55537335,55538456,MMP2,GFI1
chr16,55537848,55538970,MMP2,NFKB2
chr16,55537734,55538854,MMP2,HOXC12
chr16,55536890,55538015,MMP2,PHOX2B
chr16,55537725,55538849,MMP2,Prdm15
chr16,56904732,56906355,MT2A,USF2
chr16,56904844,56906463,MT2A,PAX3
chr16,56904810,56906430,MT2A,HOXA10
chr16,56904778,56906398,MT2A,TBX2
chr16,56904778,56906396,MT2A,SRY
chr16,56904794,56906411,MT2A,HOXB6
chr16,56904844,56906464,MT2A,PROP1
chr16,56904933,56906553,MT2A,PHOX2A
chr16,56904844,56906463,MT2A,PAX7
chr16,56904781,56906401,MT2A,SOX12
chr16,56905093,56906714,MT2A,ZNF148
chr16,56904817,56906439,MT2A,HNF4G
chr16,56905029,56906650,MT2A,POU3F1
chr16,56904898,56906521,MT2A,Stat4
chr16,56905022,56906643,MT2A,POU2F1
chr16,56904902,56906524,MT2A,HSF2
chr16,56905118,56906740,MT2A,ZBTB7A
chr16,56904811,56906430,MT2A,HOXB9
chr16,56904735,56906357,MT2A,NRL
chr16,56904775,56906395,MT2A,TCF3
chr16,56904713,56906337,MT2A,ZBTB26
chr16,56905064,56906688,MT2A,STAT1::STAT2
chr16,56905127,56906746,MT2A,KLF5
chr16,56905819,56907444,MT2A,POU4F3
chr16,56905089,56906709,MT2A,KLF16
chr16,56904811,56906430,MT2A,HOXC9
chr16,56905018,56906640,MT2A,DUXA
chr16,56904976,56906596,MT2A,HOXD13
chr16,56904754,56906370,MT2A,NFATC2
chr16,56904819,56906441,MT2A,Dmrt1
chr16,56904981,56906604,MT2A,Arid5a
chr16,56904817,56906439,MT2A,HNF4A
chr16,56905821,56907446,MT2A,ONECUT1
chr16,56904943,56906566,MT2A,ONECUT2
chr16,56904782,56906401,MT2A,SOX14
chr16,56905021,56906641,MT2A,NFYA
chr16,56905819,56907442,MT2A,POU4F1
chr16,56904810,56906430,MT2A,HOXD10
chr16,56904698,56906318,MT2A,TFAP2B(var.2)
chr16,56905162,56906791,MT2A,SPI1
chr16,56904752,56906372,MT2A,ELK4
chr16,56905522,56907143,MT2A,HINFP
chr16,56905153,56906775,MT2A,TEAD1
chr16,56904990,56906612,MT2A,ZFP57
chr16,56905154,56906775,MT2A,TEAD4
chr16,56905140,56906759,MT2A,FLI1
chr16,56904916,56906543,MT2A,IRF2
chr16,56904698,56906318,MT2A,TFAP2E
chr16,56904804,56906426,MT2A,ATF2
chr16,56905703,56907322,MT2A,ETS2
chr16,56904753,56906372,MT2A,ELK3
chr16,56905068,56906686,MT2A,IRF6
chr16,56904912,56906542,MT2A,IRF1
chr16,56904738,56906363,MT2A,SPIB
chr16,56904726,56906347,MT2A,CTCFL
chr16,56904841,56906465,MT2A,FOXE1
chr16,56905181,56906803,MT2A,EBF3
chr16,56905106,56906726,MT2A,TFDP1
chr16,56904678,56906297,MT2A,HES2
chr16,56904947,56906571,MT2A,Nr5a2
chr16,56904677,56906298,MT2A,MYC
chr16,56904761,56906383,MT2A,Plagl1
chr16,56904725,56906345,MT2A,KLF15
chr16,56904831,56906454,MT2A,TFAP2C(var.2)
chr16,56904758,56906380,MT2A,TFAP2C(var.3)
chr16,56905506,56907125,MT2A,TCFL5
chr16,56904677,56906298,MT2A,MYCN
chr16,56904912,56906531,MT2A,TFAP4
chr16,56905504,56907125,MT2A,ZBTB14
chr16,56904724,56906347,MT2A,EGR1
chr16,56904758,56906380,MT2A,TFAP2B(var.3)
chr16,56904758,56906380,MT2A,TFAP2A(var.3)
chr16,56904751,56906373,MT2A,E2F6
chr16,56904677,56906297,MT2A,TFEC
chr16,56905049,56906672,MT2A,CREB3
chr16,56904678,56906297,MT2A,BHLHE41
chr16,56905191,56906815,MT2A,PKNOX1
chr16,56905057,56906677,MT2A,FOXB1
chr16,56905019,56906639,MT2A,DUX4
chr16,56904996,56906616,MT2A,SPDEF
chr16,56904832,56906459,MT2A,GATA1::TAL1
chr16,56905990,56907613,MT2A,E2F4
chr16,56904715,56906339,MT2A,KLF17
chr16,56905071,56906691,MT2A,EGR2
chr16,56905685,56907311,MT2A,SP4
chr16,56905731,56907354,MT2A,FERD3L
chr16,56905069,56906693,MT2A,EGR3
chr16,56905112,56906734,MT2A,NFIL3
chr16,56904724,56906349,MT2A,EGR4
chr16,56905421,56907043,MT2A,ESRRA
chr16,56904936,56906560,MT2A,EBF1
chr16,56904954,56906575,MT2A,GFI1
chr16,56905192,56906816,MT2A,SP1
chr16,56904655,56906274,MT2A,ATOH1(var.2)
chr16,56905111,56906734,MT2A,HLF
chr16,56904724,56906347,MT2A,KLF14
chr16,56905825,56907445,MT2A,NRF1
chr16,56904992,56906618,MT2A,Hmx1
chr16,56904992,56906618,MT2A,Hmx3
chr16,56905191,56906818,MT2A,TP73
chr16,56905140,56906760,MT2A,ETV2
chr16,56905196,56906821,MT2A,PHOX2B
chr16,56905861,56907487,MT2A,Six3
chr17,39846442,39847165,STAT3,USF2
chr17,39847174,39847893,STAT3,PAX3
chr17,39845629,39846349,STAT3,HOXA10
chr17,39845390,39846110,STAT3,TBX2
chr17,39845578,39846296,STAT3,SRY
chr17,39845509,39846226,STAT3,HOXB6
chr17,39846358,39847078,STAT3,PROP1
chr17,39845368,39846088,STAT3,PHOX2A
chr17,39847174,39847893,STAT3,PAX7
chr17,39845795,39846515,STAT3,SOX12
chr17,39847057,39847777,STAT3,HOXC13
chr17,39845969,39846690,STAT3,ZNF148
chr17,39846415,39847137,STAT3,HNF4G
chr17,39845366,39846085,STAT3,POU6F1
chr17,39845600,39846321,STAT3,POU3F1
chr17,39845493,39846216,STAT3,Stat4
chr17,39846031,39846752,STAT3,POU2F1
chr17,39845581,39846303,STAT3,HSF2
chr17,39845635,39846357,STAT3,ZBTB7A
chr17,39847057,39847776,STAT3,HOXB9
chr17,39845826,39846548,STAT3,NRL
chr17,39845513,39846233,STAT3,TCF3
chr17,39845428,39846147,STAT3,NEUROG1
chr17,39845490,39846214,STAT3,ZBTB26
chr17,39846686,39847410,STAT3,STAT1::STAT2
chr17,39845351,39846070,STAT3,KLF5
chr17,39845555,39846280,STAT3,POU4F3
chr17,39845966,39846686,STAT3,KLF16
chr17,39847057,39847776,STAT3,HOXC9
chr17,39845375,39846097,STAT3,DUXA
chr17,39845850,39846570,STAT3,HOXD13
chr17,39845370,39846086,STAT3,NFATC2
chr17,39845784,39846506,STAT3,Dmrt1
chr17,39846324,39847046,STAT3,HSF4
chr17,39847037,39847760,STAT3,Arid5a
chr17,39846415,39847137,STAT3,HNF4A
chr17,39845338,39846061,STAT3,ONECUT3
chr17,39845362,39846088,STAT3,Alx4
chr17,39845845,39846570,STAT3,ONECUT1
chr17,39845555,39846278,STAT3,ONECUT2
chr17,39847316,39848035,STAT3,SOX14
chr17,39845756,39846476,STAT3,NFYA
chr17,39845557,39846280,STAT3,POU4F1
chr17,39847057,39847777,STAT3,HOXD10
chr17,39845416,39846137,STAT3,ZNF652
chr17,39845428,39846147,STAT3,OLIG2
chr17,39845970,39846690,STAT3,TFAP2B(var.2)
chr17,39845344,39846073,STAT3,SPI1
chr17,39845610,39846330,STAT3,ELK4
chr17,39846583,39847304,STAT3,HINFP
chr17,39846038,39846760,STAT3,TEAD1
chr17,39846962,39847684,STAT3,ZFP57
chr17,39846039,39846760,STAT3,TEAD4
chr17,39845611,39846330,STAT3,FLI1
chr17,39845911,39846630,STAT3,ERF
chr17,39846613,39847335,STAT3,OVOL2
chr17,39846738,39847465,STAT3,IRF2
chr17,39845911,39846630,STAT3,ETV3
chr17,39845911,39846630,STAT3,ELK1
chr17,39845970,39846690,STAT3,TFAP2E
chr17,39846447,39847169,STAT3,ATF2
chr17,39845886,39846605,STAT3,ETS2
chr17,39845611,39846330,STAT3,ELK3
chr17,39845410,39846128,STAT3,IRF6
chr17,39846682,39847412,STAT3,IRF1
chr17,39846259,39846984,STAT3,SPIB
chr17,39845742,39846463,STAT3,CTCFL
chr17,39845594,39846317,STAT3,PLAG1
chr17,39845627,39846351,STAT3,FOXE1
chr17,39846525,39847247,STAT3,ZNF740
chr17,39845978,39846700,STAT3,EBF3
chr17,39845798,39846521,STAT3,GLIS2
chr17,39845802,39846525,STAT3,ZIC1
chr17,39845628,39846353,STAT3,SIX2
chr17,39847012,39847732,STAT3,TFDP1
chr17,39847097,39847816,STAT3,HES2
chr17,39845391,39846115,STAT3,Nr5a2
chr17,39846143,39846862,STAT3,TFCP2
chr17,39847096,39847817,STAT3,MYC
chr17,39845974,39846696,STAT3,Plagl1
chr17,39846524,39847244,STAT3,KLF15
chr17,39845575,39846298,STAT3,TFAP2C(var.2)
chr17,39845351,39846073,STAT3,TFAP2C(var.3)
chr17,39845623,39846342,STAT3,TCFL5
chr17,39845801,39846525,STAT3,ZIC3
chr17,39847096,39847817,STAT3,MYCN
chr17,39847097,39847817,STAT3,MAX::MYC
chr17,39847504,39848223,STAT3,TFAP4
chr17,39845694,39846418,STAT3,ZIC4
chr17,39846243,39846964,STAT3,ZBTB14
chr17,39845867,39846590,STAT3,EGR1
chr17,39845351,39846073,STAT3,TFAP2B(var.3)
chr17,39845351,39846073,STAT3,TFAP2A(var.3)
chr17,39846894,39847616,STAT3,E2F6
chr17,39847097,39847817,STAT3,TFEC
chr17,39847167,39847890,STAT3,CREB3
chr17,39847097,39847816,STAT3,BHLHE41
chr17,39846354,39847075,STAT3,TCF7L1
chr17,39846328,39847052,STAT3,PKNOX1
chr17,39846979,39847701,STAT3,BACH1
chr17,39845693,39846421,STAT3,CTCF
chr17,39847037,39847757,STAT3,FOXB1
chr17,39846029,39846752,STAT3,ATF4
chr17,39845428,39846147,STAT3,OLIG1
chr17,39845897,39846618,STAT3,CREB3L4(var.2)
chr17,39845376,39846096,STAT3,DUX4
chr17,39845655,39846375,STAT3,SPDEF
chr17,39845495,39846222,STAT3,GATA1::TAL1
chr17,39846002,39846725,STAT3,IRF5
chr17,39846506,39847229,STAT3,E2F4
chr17,39845970,39846694,STAT3,KLF17
chr17,39845780,39846501,STAT3,ZSCAN29
chr17,39846191,39846912,STAT3,MYBL1
chr17,39845985,39846705,STAT3,EGR2
chr17,39847362,39848085,STAT3,Mecom
chr17,39845427,39846148,STAT3,BHLHE23
chr17,39846222,39846948,STAT3,SP4
chr17,39847502,39848225,STAT3,FERD3L
chr17,39845731,39846455,STAT3,EGR3
chr17,39845561,39846283,STAT3,NFIL3
chr17,39845365,39846090,STAT3,EGR4
chr17,39846100,39846822,STAT3,ESRRA
chr17,39845977,39846701,STAT3,EBF1
chr17,39846985,39847706,STAT3,GFI1
chr17,39846523,39847247,STAT3,SP1
chr17,39847504,39848223,STAT3,ATOH1(var.2)
chr17,39845560,39846283,STAT3,HLF
chr17,39846522,39847245,STAT3,KLF14
chr17,39845624,39846344,STAT3,NRF1
chr17,39845578,39846304,STAT3,Hmx1
chr17,39846858,39847579,STAT3,ELF4
chr17,39846076,39846802,STAT3,SP2
chr17,39846536,39847257,STAT3,E2F1
chr17,39847057,39847777,STAT3,HOXD12
chr17,39845578,39846304,STAT3,Hmx3
chr17,39845372,39846093,STAT3,ELF2
chr17,39845368,39846090,STAT3,Lhx3
chr17,39845776,39846498,STAT3,NFKB2
chr17,39845517,39846244,STAT3,TP73
chr17,39845817,39846539,STAT3,MEIS1(var.2)
chr17,39845968,39846689,STAT3,MEF2D
chr17,39846838,39847558,STAT3,ESRRB
chr17,39845452,39846178,STAT3,NR3C2
chr17,39845622,39846346,STAT3,ZBTB33
chr17,39845372,39846092,STAT3,ETV2
chr17,39846253,39846978,STAT3,ZNF274
chr17,39847057,39847777,STAT3,HOXC12
chr17,39845621,39846346,STAT3,PHOX2B
chr17,39846847,39847567,STAT3,GCM1
chr17,39845479,39846203,STAT3,Prdm15
chr17,39845997,39846723,STAT3,Six3
chr17,39845968,39846689,STAT3,MEF2B
chr17,39846498,39847225,STAT3,NHLH2
chr17,39845444,39846174,STAT3,IRF3
chr17,39845535,39846259,STAT3,Pou5f1::Sox2
chr17,39846737,39847460,STAT3,IRF7
chr17,58007552,58009005,VMP1,USF2
chr17,58009535,58010984,VMP1,PAX3
chr17,58008027,58009477,VMP1,HOXA10
chr17,58008240,58009690,VMP1,TBX2
chr17,58008188,58009636,VMP1,SRY
chr17,58008169,58009616,VMP1,HOXB6
chr17,58008775,58010225,VMP1,PHOX2A
chr17,58009535,58010984,VMP1,PAX7
chr17,58008249,58009699,VMP1,SOX12
chr17,58008352,58009803,VMP1,ZNF148
chr17,58008762,58010214,VMP1,HNF4G
chr17,58007771,58009220,VMP1,POU6F1
chr17,58007642,58009093,VMP1,POU3F1
chr17,58007594,58009047,VMP1,Stat4
chr17,58007641,58009092,VMP1,POU2F1
chr17,58007936,58009388,VMP1,ZBTB7A
chr17,58008731,58010180,VMP1,HOXB9
chr17,58008359,58009811,VMP1,NRL
chr17,58007873,58009323,VMP1,TCF3
chr17,58009142,58010591,VMP1,NEUROG1
chr17,58007950,58009404,VMP1,ZBTB26
chr17,58009155,58010609,VMP1,STAT1::STAT2
chr17,58007824,58009273,VMP1,KLF5
chr17,58007557,58009007,VMP1,KLF16
chr17,58008731,58010180,VMP1,HOXC9
chr17,58009088,58010538,VMP1,HOXD13
chr17,58007574,58009020,VMP1,NFATC2
chr17,58008764,58010216,VMP1,Dmrt1
chr17,58009042,58010494,VMP1,HSF4
chr17,58008108,58009561,VMP1,Arid5a
chr17,58008762,58010214,VMP1,HNF4A
chr17,58007767,58009223,VMP1,Alx4
chr17,58009534,58010987,VMP1,ONECUT2
chr17,58008229,58009678,VMP1,SOX14
chr17,58008528,58009978,VMP1,NFYA
chr17,58008730,58010180,VMP1,HOXD10
chr17,58008143,58009594,VMP1,ZNF652
chr17,58009142,58010591,VMP1,OLIG2
chr17,58008102,58009552,VMP1,TFAP2B(var.2)
chr17,58008314,58009773,VMP1,SPI1
chr17,58007937,58009387,VMP1,ELK4
chr17,58007922,58009373,VMP1,HINFP
chr17,58008409,58009861,VMP1,TEAD1
chr17,58007770,58009222,VMP1,ZFP57
chr17,58008410,58009861,VMP1,TEAD4
chr17,58007938,58009387,VMP1,FLI1
chr17,58007821,58009270,VMP1,ERF
chr17,58007637,58009089,VMP1,OVOL2
chr17,58007821,58009270,VMP1,ETV3
chr17,58007821,58009270,VMP1,ELK1
chr17,58008359,58009809,VMP1,TFAP2E
chr17,58007688,58009140,VMP1,ATF2
chr17,58007822,58009271,VMP1,ETS2
chr17,58007595,58009044,VMP1,ELK3
chr17,58007847,58009295,VMP1,IRF6
chr17,58007808,58009263,VMP1,SPIB
chr17,58007650,58009101,VMP1,CTCFL
chr17,58007605,58009058,VMP1,PLAG1
chr17,58008068,58009522,VMP1,FOXE1
chr17,58007866,58009318,VMP1,ZNF740
chr17,58008001,58009453,VMP1,EBF3
chr17,58007625,58009078,VMP1,GLIS2
chr17,58007625,58009078,VMP1,ZIC1
chr17,58008083,58009538,VMP1,SIX2
chr17,58007926,58009376,VMP1,TFDP1
chr17,58007852,58009301,VMP1,HES2
chr17,58007905,58009359,VMP1,Nr5a2
chr17,58009354,58010803,VMP1,TFCP2
chr17,58007851,58009302,VMP1,MYC
chr17,58007802,58009254,VMP1,Plagl1
chr17,58007863,58009313,VMP1,KLF15
chr17,58008133,58009586,VMP1,TFAP2C(var.2)
chr17,58008245,58009697,VMP1,TFAP2C(var.3)
chr17,58007851,58009300,VMP1,TCFL5
chr17,58007624,58009078,VMP1,ZIC3
chr17,58007851,58009302,VMP1,MYCN
chr17,58007708,58009158,VMP1,MAX::MYC
chr17,58007608,58009057,VMP1,TFAP4
chr17,58007625,58009079,VMP1,ZIC4
chr17,58007773,58009226,VMP1,EGR1
chr17,58008245,58009697,VMP1,TFAP2B(var.3)
chr17,58008245,58009697,VMP1,TFAP2A(var.3)
chr17,58007686,58009138,VMP1,E2F6
chr17,58007852,58009302,VMP1,TFEC
chr17,58007773,58009226,VMP1,CREB3
chr17,58007852,58009301,VMP1,BHLHE41
chr17,58008696,58010150,VMP1,PKNOX1
chr17,58007813,58009265,VMP1,BACH1
chr17,58007962,58009420,VMP1,CTCF
chr17,58008219,58009669,VMP1,FOXB1
chr17,58008557,58010010,VMP1,ATF4
chr17,58009142,58010591,VMP1,OLIG1
chr17,58007821,58009271,VMP1,SPDEF
chr17,58008215,58009672,VMP1,GATA1::TAL1
chr17,58007848,58009301,VMP1,IRF5
chr17,58008542,58009995,VMP1,E2F4
chr17,58007856,58009310,VMP1,KLF17
chr17,58008163,58009614,VMP1,ZSCAN29
chr17,58009141,58010592,VMP1,BHLHE23
chr17,58008024,58009480,VMP1,SP4
chr17,58008148,58009601,VMP1,FERD3L
chr17,58007858,58009312,VMP1,EGR3
chr17,58007857,58009312,VMP1,EGR4
chr17,58007905,58009357,VMP1,ESRRA
chr17,58008000,58009454,VMP1,EBF1
chr17,58008445,58009896,VMP1,GFI1
chr17,58008026,58009480,VMP1,SP1
chr17,58007608,58009057,VMP1,ATOH1(var.2)
chr17,58008025,58009478,VMP1,KLF14
chr17,58007860,58009310,VMP1,NRF1
chr17,58007821,58009272,VMP1,ELF4
chr17,58008543,58009994,VMP1,E2F1
chr17,58007821,58009272,VMP1,ELF2
chr17,58009468,58010920,VMP1,Lhx3
chr17,58008291,58009743,VMP1,NFKB2
chr17,58008954,58010411,VMP1,TP73
chr17,58007905,58009355,VMP1,ESRRB
chr17,58008634,58010090,VMP1,NR3C2
chr17,58008332,58009782,VMP1,ETV2
chr17,58007752,58009202,VMP1,GCM1
chr17,58009310,58010764,VMP1,Prdm15
chr17,58008259,58009715,VMP1,Six3
chr17,58008146,58009603,VMP1,NHLH2
chr17,76170413,76171566,SOCS3,USF2
chr17,76169277,76170427,SOCS3,HOXA10
chr17,76169654,76170804,SOCS3,TBX2
chr17,76169442,76170590,SOCS3,SRY
chr17,76169089,76170236,SOCS3,HOXB6
chr17,76169219,76170369,SOCS3,PROP1
chr17,76169219,76170369,SOCS3,PHOX2A
chr17,76170585,76171735,SOCS3,SOX12
chr17,76169121,76170272,SOCS3,ZNF148
chr17,76170144,76171296,SOCS3,HNF4G
chr17,76170865,76172014,SOCS3,POU6F1
chr17,76170780,76171931,SOCS3,POU3F1
chr17,76169821,76170974,SOCS3,Stat4
chr17,76170781,76171932,SOCS3,POU2F1
chr17,76169318,76170470,SOCS3,HSF2
chr17,76169392,76170544,SOCS3,ZBTB7A
chr17,76169312,76170461,SOCS3,HOXB9
chr17,76169612,76170764,SOCS3,NRL
chr17,76169223,76170373,SOCS3,TCF3
chr17,76169196,76170350,SOCS3,ZBTB26
chr17,76170747,76171901,SOCS3,STAT1::STAT2
chr17,76169038,76170187,SOCS3,KLF5
chr17,76169015,76170165,SOCS3,KLF16
chr17,76169312,76170461,SOCS3,HOXC9
chr17,76169089,76170241,SOCS3,DUXA
chr17,76169678,76170828,SOCS3,HOXD13
chr17,76169316,76170462,SOCS3,NFATC2
chr17,76171029,76172181,SOCS3,Dmrt1
chr17,76169221,76170373,SOCS3,HSF4
chr17,76169150,76170303,SOCS3,Arid5a
chr17,76170144,76171296,SOCS3,HNF4A
chr17,76170943,76172096,SOCS3,ONECUT3
chr17,76169462,76170618,SOCS3,Alx4
chr17,76170943,76172096,SOCS3,ONECUT2
chr17,76169220,76170369,SOCS3,SOX14
chr17,76169415,76170565,SOCS3,NFYA
chr17,76169094,76170244,SOCS3,TFAP2B(var.2)
chr17,76169338,76170497,SOCS3,SPI1
chr17,76169144,76170296,SOCS3,ZFP57
chr17,76171014,76172165,SOCS3,TEAD4
chr17,76169126,76170278,SOCS3,OVOL2
chr17,76169102,76170259,SOCS3,IRF2
chr17,76169094,76170244,SOCS3,TFAP2E
chr17,76170112,76171264,SOCS3,ATF2
chr17,76169094,76170243,SOCS3,ETS2
chr17,76170743,76171903,SOCS3,IRF1
chr17,76169340,76170495,SOCS3,SPIB
chr17,76169057,76170208,SOCS3,CTCFL
chr17,76169392,76170545,SOCS3,PLAG1
chr17,76169754,76170908,SOCS3,FOXE1
chr17,76169166,76170316,SOCS3,TFDP1
chr17,76169769,76170918,SOCS3,HES2
chr17,76169768,76170919,SOCS3,MYC
chr17,76169358,76170510,SOCS3,Plagl1
chr17,76169995,76171148,SOCS3,TFAP2C(var.2)
chr17,76169305,76170454,SOCS3,TCFL5
chr17,76169768,76170919,SOCS3,MYCN
chr17,76169768,76170918,SOCS3,MAX::MYC
chr17,76169310,76170459,SOCS3,TFAP4
chr17,76169147,76170301,SOCS3,ZIC4
chr17,76169265,76170418,SOCS3,EGR1
chr17,76169166,76170318,SOCS3,E2F6
chr17,76169768,76170918,SOCS3,TFEC
chr17,76169134,76170287,SOCS3,CREB3
chr17,76169769,76170918,SOCS3,BHLHE41
chr17,76170215,76171369,SOCS3,PKNOX1
chr17,76169392,76170550,SOCS3,CTCF
chr17,76170922,76172072,SOCS3,FOXB1
chr17,76171048,76172201,SOCS3,ATF4
chr17,76169090,76170240,SOCS3,DUX4
chr17,76169340,76170497,SOCS3,GATA1::TAL1
chr17,76169303,76170456,SOCS3,IRF5
chr17,76169416,76170570,SOCS3,KLF17
chr17,76170879,76172030,SOCS3,MYBL1
chr17,76170597,76171750,SOCS3,FERD3L
chr17,76169308,76170460,SOCS3,NFIL3
chr17,76169354,76170508,SOCS3,EBF1
chr17,76170722,76171873,SOCS3,GFI1
chr17,76170896,76172045,SOCS3,ATOH1(var.2)
chr17,76169308,76170461,SOCS3,HLF
chr17,76169303,76170453,SOCS3,NRF1
chr17,76169271,76170422,SOCS3,E2F1
chr17,76169270,76170422,SOCS3,NFKB2
chr17,76169052,76170206,SOCS3,Prdm15
chr17,76169306,76170463,SOCS3,NHLH2
chr2,46826322,46827835,EPAS1,USF2
chr2,46826599,46828109,EPAS1,HOXA10
chr2,46826104,46827614,EPAS1,TBX2
chr2,46825599,46827107,EPAS1,SRY
chr2,46826483,46827990,EPAS1,HOXB6
chr2,46825443,46826953,EPAS1,PROP1
chr2,46825443,46826953,EPAS1,PHOX2A
chr2,46825629,46827139,EPAS1,SOX12
chr2,46826611,46828122,EPAS1,ZNF148
chr2,46825352,46826864,EPAS1,HNF4G
chr2,46825441,46826950,EPAS1,POU6F1
chr2,46825640,46827151,EPAS1,POU3F1
chr2,46826381,46827894,EPAS1,Stat4
chr2,46826681,46828192,EPAS1,POU2F1
chr2,46826688,46828200,EPAS1,HSF2
chr2,46826380,46827892,EPAS1,ZBTB7A
chr2,46825730,46827239,EPAS1,HOXB9
chr2,46826233,46827745,EPAS1,NRL
chr2,46825784,46827294,EPAS1,TCF3
chr2,46825784,46827293,EPAS1,NEUROG1
chr2,46825950,46827464,EPAS1,ZBTB26
chr2,46826035,46827549,EPAS1,STAT1::STAT2
chr2,46825773,46827282,EPAS1,KLF5
chr2,46826611,46828121,EPAS1,KLF16
chr2,46826483,46827995,EPAS1,DUXA
chr2,46826580,46828090,EPAS1,HOXD13
chr2,46825390,46826896,EPAS1,NFATC2
chr2,46825352,46826864,EPAS1,Dmrt1
chr2,46825663,46827175,EPAS1,HSF4
chr2,46826348,46827861,EPAS1,Arid5a
chr2,46825352,46826864,EPAS1,HNF4A
chr2,46825437,46826953,EPAS1,Alx4
chr2,46826577,46828086,EPAS1,SOX14
chr2,46826066,46827576,EPAS1,NFYA
chr2,46825831,46827340,EPAS1,OLIG2
chr2,46826803,46828313,EPAS1,TFAP2B(var.2)
chr2,46826657,46828167,EPAS1,ELK4
chr2,46825433,46826945,EPAS1,TEAD1
chr2,46826059,46827571,EPAS1,ZFP57
chr2,46825434,46826945,EPAS1,TEAD4
chr2,46826658,46828167,EPAS1,FLI1
chr2,46826658,46828167,EPAS1,ERF
chr2,46826658,46828167,EPAS1,ETV3
chr2,46826658,46828167,EPAS1,ELK1
chr2,46825475,46826985,EPAS1,TFAP2E
chr2,46826659,46828168,EPAS1,ETS2
chr2,46826658,46828167,EPAS1,ELK3
chr2,46826655,46828170,EPAS1,SPIB
chr2,46825400,46826911,EPAS1,CTCFL
chr2,46825640,46827153,EPAS1,PLAG1
chr2,46826461,46827975,EPAS1,FOXE1
chr2,46825659,46827171,EPAS1,EBF3
chr2,46826080,46827593,EPAS1,GLIS2
chr2,46826359,46827874,EPAS1,SIX2
chr2,46826763,46828273,EPAS1,TFDP1
chr2,46826324,46827833,EPAS1,HES2
chr2,46826647,46828161,EPAS1,Nr5a2
chr2,46826161,46827670,EPAS1,TFCP2
chr2,46826323,46827834,EPAS1,MYC
chr2,46825812,46827324,EPAS1,Plagl1
chr2,46825634,46827144,EPAS1,KLF15
chr2,46826332,46827845,EPAS1,TFAP2C(var.2)
chr2,46825587,46827099,EPAS1,TFAP2C(var.3)
chr2,46826359,46827868,EPAS1,TCFL5
chr2,46826323,46827834,EPAS1,MYCN
chr2,46826324,46827834,EPAS1,MAX::MYC
chr2,46825808,46827317,EPAS1,TFAP4
chr2,46826679,46828193,EPAS1,ZIC4
chr2,46825715,46827228,EPAS1,EGR1
chr2,46825806,46827318,EPAS1,TFAP2B(var.3)
chr2,46825806,46827318,EPAS1,TFAP2A(var.3)
chr2,46825818,46827330,EPAS1,E2F6
chr2,46826323,46827833,EPAS1,TFEC
chr2,46826424,46827937,EPAS1,CREB3
chr2,46826324,46827833,EPAS1,BHLHE41
chr2,46826184,46827695,EPAS1,TCF7L1
chr2,46826141,46827655,EPAS1,PKNOX1
chr2,46826113,46827625,EPAS1,BACH1
chr2,46826344,46827854,EPAS1,FOXB1
chr2,46825784,46827293,EPAS1,OLIG1
chr2,46825742,46827253,EPAS1,CREB3L4(var.2)
chr2,46826597,46828107,EPAS1,DUX4
chr2,46826658,46828168,EPAS1,SPDEF
chr2,46826135,46827652,EPAS1,GATA1::TAL1
chr2,46826215,46827729,EPAS1,KLF17
chr2,46825783,46827294,EPAS1,BHLHE23
chr2,46825631,46827147,EPAS1,SP4
chr2,46825806,46827319,EPAS1,FERD3L
chr2,46826649,46828161,EPAS1,ESRRA
chr2,46825585,46827099,EPAS1,EBF1
chr2,46825416,46826927,EPAS1,GFI1
chr2,46825631,46827145,EPAS1,SP1
chr2,46825808,46827317,EPAS1,ATOH1(var.2)
chr2,46825633,46827146,EPAS1,KLF14
chr2,46826658,46828169,EPAS1,ELF4
chr2,46825630,46827146,EPAS1,SP2
chr2,46826658,46828169,EPAS1,ELF2
chr2,46825399,46826911,EPAS1,Lhx3
chr2,46825936,46827448,EPAS1,NFKB2
chr2,46825726,46827243,EPAS1,TP73
chr2,46826651,46828161,EPAS1,ESRRB
chr2,46826228,46827743,EPAS1,ZNF274
chr2,46825441,46826956,EPAS1,PHOX2B
chr2,46826034,46827544,EPAS1,GCM1
chr2,46825426,46826940,EPAS1,Prdm15
chr2,46825817,46827331,EPAS1,Pou5f1::Sox2
chr3,64671708,64672941,ADAMTS9-AS1,USF2
chr3,64672196,64673425,ADAMTS9-AS1,PAX3
chr3,64671734,64672964,ADAMTS9-AS1,HOXA10
chr3,64671248,64672478,ADAMTS9-AS1,TBX2
chr3,64671146,64672374,ADAMTS9-AS1,SRY
chr3,64671241,64672468,ADAMTS9-AS1,HOXB6
chr3,64672195,64673425,ADAMTS9-AS1,PROP1
chr3,64672195,64673425,ADAMTS9-AS1,PHOX2A
chr3,64672196,64673425,ADAMTS9-AS1,PAX7
chr3,64671383,64672614,ADAMTS9-AS1,ZNF148
chr3,64671771,64673003,ADAMTS9-AS1,HNF4G
chr3,64672198,64673427,ADAMTS9-AS1,POU6F1
chr3,64672180,64673411,ADAMTS9-AS1,POU3F1
chr3,64671021,64672254,ADAMTS9-AS1,Stat4
chr3,64671714,64672945,ADAMTS9-AS1,POU2F1
chr3,64672120,64673352,ADAMTS9-AS1,HSF2
chr3,64671574,64672806,ADAMTS9-AS1,ZBTB7A
chr3,64671878,64673107,ADAMTS9-AS1,HOXB9
chr3,64672011,64673243,ADAMTS9-AS1,NRL
chr3,64671038,64672268,ADAMTS9-AS1,TCF3
chr3,64671991,64673220,ADAMTS9-AS1,NEUROG1
chr3,64671326,64672560,ADAMTS9-AS1,ZBTB26
chr3,64671051,64672285,ADAMTS9-AS1,STAT1::STAT2
chr3,64671038,64672267,ADAMTS9-AS1,KLF5
chr3,64672195,64673430,ADAMTS9-AS1,POU4F3
chr3,64671454,64672684,ADAMTS9-AS1,KLF16
chr3,64671878,64673107,ADAMTS9-AS1,HOXC9
chr3,64671352,64672584,ADAMTS9-AS1,DUXA
chr3,64671648,64672878,ADAMTS9-AS1,HOXD13
chr3,64671030,64672256,ADAMTS9-AS1,NFATC2
chr3,64671366,64672598,ADAMTS9-AS1,Dmrt1
chr3,64672120,64673352,ADAMTS9-AS1,HSF4
chr3,64671303,64672536,ADAMTS9-AS1,Arid5a
chr3,64671771,64673003,ADAMTS9-AS1,HNF4A
chr3,64671631,64672864,ADAMTS9-AS1,ONECUT3
chr3,64672194,64673430,ADAMTS9-AS1,Alx4
chr3,64671456,64672691,ADAMTS9-AS1,ONECUT1
chr3,64671631,64672864,ADAMTS9-AS1,ONECUT2
chr3,64671220,64672449,ADAMTS9-AS1,SOX14
chr3,64671509,64672739,ADAMTS9-AS1,NFYA
chr3,64672197,64673430,ADAMTS9-AS1,POU4F1
chr3,64671878,64673108,ADAMTS9-AS1,HOXD10
chr3,64671786,64673017,ADAMTS9-AS1,ZNF652
chr3,64671991,64673220,ADAMTS9-AS1,OLIG2
chr3,64671883,64673113,ADAMTS9-AS1,TFAP2B(var.2)
chr3,64671279,64672510,ADAMTS9-AS1,TEAD4
chr3,64672025,64673255,ADAMTS9-AS1,TFAP2E
chr3,64672207,64673447,ADAMTS9-AS1,IRF1
chr3,64671435,64672666,ADAMTS9-AS1,CTCFL
chr3,64672044,64673278,ADAMTS9-AS1,FOXE1
chr3,64671453,64672685,ADAMTS9-AS1,ZNF740
chr3,64671146,64672380,ADAMTS9-AS1,Nr5a2
chr3,64671610,64672843,ADAMTS9-AS1,TFAP2C(var.2)
chr3,64671463,64672695,ADAMTS9-AS1,TFAP2C(var.3)
chr3,64671211,64672444,ADAMTS9-AS1,EGR1
chr3,64671463,64672695,ADAMTS9-AS1,TFAP2B(var.3)
chr3,64671463,64672695,ADAMTS9-AS1,TFAP2A(var.3)
chr3,64671691,64672925,ADAMTS9-AS1,PKNOX1
chr3,64671693,64672923,ADAMTS9-AS1,FOXB1
chr3,64671485,64672718,ADAMTS9-AS1,ATF4
chr3,64671353,64672583,ADAMTS9-AS1,DUX4
chr3,64671662,64672895,ADAMTS9-AS1,E2F4
chr3,64672225,64673457,ADAMTS9-AS1,NFIL3
chr3,64671486,64672717,ADAMTS9-AS1,GFI1
chr3,64672224,64673457,ADAMTS9-AS1,HLF
chr3,64672193,64673425,ADAMTS9-AS1,Lhx3
chr3,64671079,64672316,ADAMTS9-AS1,TP73
chr3,64672275,64673507,ADAMTS9-AS1,MEIS1(var.2)
chr3,64671127,64672363,ADAMTS9-AS1,NR3C2
chr3,64671708,64672941,ADAMTS9-AS2,USF2
chr3,64671092,64672322,ADAMTS9-AS2,HOXA10
chr3,64671067,64672297,ADAMTS9-AS2,TBX2
chr3,64671109,64672337,ADAMTS9-AS2,SRY
chr3,64671205,64672432,ADAMTS9-AS2,HOXB6
chr3,64671884,64673114,ADAMTS9-AS2,PHOX2A
chr3,64671314,64672545,ADAMTS9-AS2,ZNF148
chr3,64671675,64672907,ADAMTS9-AS2,HNF4G
chr3,64671526,64672755,ADAMTS9-AS2,POU6F1
chr3,64671713,64672944,ADAMTS9-AS2,POU3F1
chr3,64671415,64672648,ADAMTS9-AS2,Stat4
chr3,64671714,64672945,ADAMTS9-AS2,POU2F1
chr3,64672120,64673352,ADAMTS9-AS2,HSF2
chr3,64672115,64673347,ADAMTS9-AS2,ZBTB7A
chr3,64671878,64673107,ADAMTS9-AS2,HOXB9
chr3,64672101,64673333,ADAMTS9-AS2,NRL
chr3,64672195,64673425,ADAMTS9-AS2,TCF3
chr3,64671991,64673220,ADAMTS9-AS2,NEUROG1
chr3,64672118,64673352,ADAMTS9-AS2,ZBTB26
chr3,64671051,64672285,ADAMTS9-AS2,STAT1::STAT2
chr3,64671308,64672537,ADAMTS9-AS2,KLF5
chr3,64671440,64672675,ADAMTS9-AS2,POU4F3
chr3,64671307,64672537,ADAMTS9-AS2,KLF16
chr3,64671878,64673107,ADAMTS9-AS2,HOXC9
chr3,64671258,64672490,ADAMTS9-AS2,DUXA
chr3,64671636,64672866,ADAMTS9-AS2,HOXD13
chr3,64671056,64672282,ADAMTS9-AS2,NFATC2
chr3,64671221,64672453,ADAMTS9-AS2,Dmrt1
chr3,64672120,64673352,ADAMTS9-AS2,HSF4
chr3,64671263,64672496,ADAMTS9-AS2,Arid5a
chr3,64671675,64672907,ADAMTS9-AS2,HNF4A
chr3,64671631,64672864,ADAMTS9-AS2,ONECUT3
chr3,64671522,64672758,ADAMTS9-AS2,Alx4
chr3,64671631,64672866,ADAMTS9-AS2,ONECUT1
chr3,64671631,64672864,ADAMTS9-AS2,ONECUT2
chr3,64671220,64672449,ADAMTS9-AS2,SOX14
chr3,64671549,64672779,ADAMTS9-AS2,NFYA
chr3,64671442,64672675,ADAMTS9-AS2,POU4F1
chr3,64671878,64673108,ADAMTS9-AS2,HOXD10
chr3,64671141,64672372,ADAMTS9-AS2,ZNF652
chr3,64671991,64673220,ADAMTS9-AS2,OLIG2
chr3,64671708,64672941,ADAMTS9,USF2
chr3,64671092,64672322,ADAMTS9,HOXA10
chr3,64671067,64672297,ADAMTS9,TBX2
chr3,64671109,64672337,ADAMTS9,SRY
chr3,64671205,64672432,ADAMTS9,HOXB6
chr3,64671884,64673114,ADAMTS9,PHOX2A
chr3,64671314,64672545,ADAMTS9,ZNF148
chr3,64671675,64672907,ADAMTS9,HNF4G
chr3,64671526,64672755,ADAMTS9,POU6F1
chr3,64671713,64672944,ADAMTS9,POU3F1
chr3,64671415,64672648,ADAMTS9,Stat4
chr3,64671714,64672945,ADAMTS9,POU2F1
chr3,64672120,64673352,ADAMTS9,HSF2
chr3,64672115,64673347,ADAMTS9,ZBTB7A
chr3,64671878,64673107,ADAMTS9,HOXB9
chr3,64672101,64673333,ADAMTS9,NRL
chr3,64672195,64673425,ADAMTS9,TCF3
chr3,64671991,64673220,ADAMTS9,NEUROG1
chr3,64672118,64673352,ADAMTS9,ZBTB26
chr3,64671051,64672285,ADAMTS9,STAT1::STAT2
chr3,64671308,64672537,ADAMTS9,KLF5
chr3,64671440,64672675,ADAMTS9,POU4F3
chr3,64671307,64672537,ADAMTS9,KLF16
chr3,64671878,64673107,ADAMTS9,HOXC9
chr3,64671258,64672490,ADAMTS9,DUXA
chr3,64671636,64672866,ADAMTS9,HOXD13
chr3,64671056,64672282,ADAMTS9,NFATC2
chr3,64671221,64672453,ADAMTS9,Dmrt1
chr3,64672120,64673352,ADAMTS9,HSF4
chr3,64671263,64672496,ADAMTS9,Arid5a
chr3,64671675,64672907,ADAMTS9,HNF4A
chr3,64671631,64672864,ADAMTS9,ONECUT3
chr3,64671522,64672758,ADAMTS9,Alx4
chr3,64671631,64672866,ADAMTS9,ONECUT1
chr3,64671631,64672864,ADAMTS9,ONECUT2
chr3,64671220,64672449,ADAMTS9,SOX14
chr3,64671549,64672779,ADAMTS9,NFYA
chr3,64671442,64672675,ADAMTS9,POU4F1
chr3,64671878,64673108,ADAMTS9,HOXD10
chr3,64671141,64672372,ADAMTS9,ZNF652
chr3,64671991,64673220,ADAMTS9,OLIG2
chr3,195955645,195956028,TFRC,USF2
chr3,195955315,195955695,TFRC,HOXA10
chr3,195954618,195954998,TFRC,TBX2
chr3,195954671,195955049,TFRC,SRY
chr3,195954912,195955289,TFRC,HOXB6
chr3,195955833,195956213,TFRC,SOX12
chr3,195955404,195955787,TFRC,Stat4
chr3,195955512,195955894,TFRC,ZBTB7A
chr3,195955870,195956252,TFRC,NRL
chr3,195955647,195956027,TFRC,TCF3
chr3,195955091,195955470,TFRC,NEUROG1
chr3,195955173,195955557,TFRC,ZBTB26
chr3,195955894,195956278,TFRC,STAT1::STAT2
chr3,195954727,195955106,TFRC,KLF5
chr3,195955059,195955439,TFRC,KLF16
chr3,195954789,195955165,TFRC,NFATC2
chr3,195955684,195956066,TFRC,Dmrt1
chr3,195954934,195955317,TFRC,Arid5a
chr3,195955959,195956338,TFRC,SOX14
chr3,195955091,195955470,TFRC,OLIG2
chr3,195955565,195955945,TFRC,TFAP2B(var.2)
chr3,195954726,195955106,TFRC,ELK4
chr3,195954869,195955250,TFRC,HINFP
chr3,195955213,195955595,TFRC,TEAD1
chr3,195955214,195955595,TFRC,TEAD4
chr3,195954726,195955105,TFRC,FLI1
chr3,195954726,195955105,TFRC,ETV3
chr3,195954726,195955105,TFRC,ELK1
chr3,195955565,195955945,TFRC,TFAP2E
chr3,195955875,195956257,TFRC,ATF2
chr3,195954725,195955104,TFRC,ETS2
chr3,195954726,195955105,TFRC,ELK3
chr3,195955104,195955489,TFRC,SPIB
chr3,195954852,195955233,TFRC,CTCFL
chr3,195954831,195955213,TFRC,ZNF740
chr3,195955541,195955923,TFRC,EBF3
chr3,195954672,195955052,TFRC,TFDP1
chr3,195955130,195955509,TFRC,HES2
chr3,195955438,195955822,TFRC,Nr5a2
chr3,195955337,195955716,TFRC,TFCP2
chr3,195954643,195955025,TFRC,Plagl1
chr3,195954790,195955170,TFRC,KLF15
chr3,195954966,195955349,TFRC,TFAP2C(var.2)
chr3,195954806,195955188,TFRC,TFAP2C(var.3)
chr3,195954639,195955018,TFRC,TCFL5
chr3,195955857,195956236,TFRC,TFAP4
chr3,195954826,195955210,TFRC,ZIC4
chr3,195954637,195955018,TFRC,ZBTB14
chr3,195955343,195955726,TFRC,EGR1
chr3,195954806,195955188,TFRC,TFAP2B(var.3)
chr3,195954806,195955188,TFRC,TFAP2A(var.3)
chr3,195954970,195955352,TFRC,E2F6
chr3,195954751,195955134,TFRC,CREB3
chr3,195955202,195955583,TFRC,TCF7L1
chr3,195954612,195954994,TFRC,BACH1
chr3,195955070,195955450,TFRC,FOXB1
chr3,195955091,195955470,TFRC,OLIG1
chr3,195954752,195955133,TFRC,CREB3L4(var.2)
chr3,195955360,195955747,TFRC,GATA1::TAL1
chr3,195954615,195954998,TFRC,E2F4
chr3,195955584,195955967,TFRC,Mecom
chr3,195955090,195955471,TFRC,BHLHE23
chr3,195954787,195955173,TFRC,SP4
chr3,195954796,195955179,TFRC,FERD3L
chr3,195955541,195955925,TFRC,EBF1
chr3,195955110,195955491,TFRC,GFI1
chr3,195954789,195955173,TFRC,SP1
chr3,195955857,195956236,TFRC,ATOH1(var.2)
chr3,195954927,195955310,TFRC,KLF14
chr3,195954804,195955184,TFRC,NRF1
chr3,195954724,195955105,TFRC,ELF4
chr3,195954687,195955068,TFRC,E2F1
chr3,195954724,195955105,TFRC,ELF2
chr3,195954677,195955059,TFRC,NFKB2
chr3,195955048,195955428,TFRC,GCM1
chr3,195955543,195955927,TFRC,Prdm15
chr3,195954954,195955341,TFRC,NHLH2
chr5,82356715,82358628,VCAN,USF2
chr5,82356329,82358239,VCAN,HOXA10
chr5,82357489,82359399,VCAN,TBX2
chr5,82356070,82357978,VCAN,SRY
chr5,82355859,82357766,VCAN,HOXB6
chr5,82356833,82358742,VCAN,POU6F1
chr5,82356229,82358140,VCAN,POU3F1
chr5,82356265,82358178,VCAN,Stat4
chr5,82356230,82358141,VCAN,POU2F1
chr5,82356963,82358875,VCAN,ZBTB7A
chr5,82356956,82358868,VCAN,NRL
chr5,82356133,82358043,VCAN,TCF3
chr5,82356966,82358880,VCAN,ZBTB26
chr5,82356015,82357929,VCAN,STAT1::STAT2
chr5,82357451,82359360,VCAN,KLF5
chr5,82357451,82359361,VCAN,KLF16
chr5,82356002,82357908,VCAN,NFATC2
chr5,82355859,82357772,VCAN,Arid5a
chr5,82356829,82358745,VCAN,Alx4
chr5,82356283,82358193,VCAN,NFYA
chr5,82355907,82357818,VCAN,ZNF652
chr5,82355841,82357750,VCAN,OLIG2
chr5,82357619,82359538,VCAN,SPI1
chr5,82356704,82358616,VCAN,TEAD1
chr5,82356704,82358615,VCAN,TEAD4
chr5,82357498,82359407,VCAN,FLI1
chr5,82355960,82357877,VCAN,IRF2
chr5,82356860,82358770,VCAN,TFAP2E
chr5,82356534,82358446,VCAN,ATF2
chr5,82355956,82357876,VCAN,IRF1
chr5,82356742,82358656,VCAN,FOXE1
chr5,82357033,82358942,VCAN,TFCP2
chr5,82357383,82359295,VCAN,Plagl1
chr5,82356108,82358021,VCAN,TFAP2C(var.2)
chr5,82357453,82359366,VCAN,EGR1
chr5,82357092,82359003,VCAN,TCF7L1
chr5,82356950,82358862,VCAN,BACH1
chr5,82355846,82357756,VCAN,FOXB1
chr5,82356306,82358219,VCAN,ATF4
chr5,82356792,82358709,VCAN,GATA1::TAL1
chr5,82357452,82359366,VCAN,KLF17
chr5,82356922,82358834,VCAN,ESRRA
chr5,82356335,82358246,VCAN,GFI1
chr5,82355857,82357769,VCAN,Lhx3
chr5,82356712,82358622,VCAN,ESRRB
chr5,82357497,82359407,VCAN,ETV2
chr5,82356787,82358703,VCAN,Six3
chr5,172573466,172575719,DUSP1,USF2
chr5,172572638,172574887,DUSP1,PAX3
chr5,172572047,172574297,DUSP1,HOXA10
chr5,172571883,172574133,DUSP1,TBX2
chr5,172572257,172574505,DUSP1,SRY
chr5,172572641,172574888,DUSP1,HOXB6
chr5,172573746,172575996,DUSP1,PROP1
chr5,172573074,172575324,DUSP1,PHOX2A
chr5,172572638,172574887,DUSP1,PAX7
chr5,172573438,172575688,DUSP1,SOX12
chr5,172572371,172574621,DUSP1,HOXC13
chr5,172573224,172575475,DUSP1,ZNF148
chr5,172573494,172575746,DUSP1,HNF4G
chr5,172573488,172575737,DUSP1,POU6F1
chr5,172572216,172574467,DUSP1,POU3F1
chr5,172572216,172574469,DUSP1,Stat4
chr5,172572217,172574468,DUSP1,POU2F1
chr5,172571937,172574189,DUSP1,HSF2
chr5,172571664,172573916,DUSP1,ZBTB7A
chr5,172572319,172574568,DUSP1,HOXB9
chr5,172572662,172574914,DUSP1,NRL
chr5,172573180,172575430,DUSP1,TCF3
chr5,172573600,172575849,DUSP1,NEUROG1
chr5,172572271,172574525,DUSP1,ZBTB26
chr5,172571860,172574114,DUSP1,STAT1::STAT2
chr5,172571788,172574037,DUSP1,KLF5
chr5,172571672,172573927,DUSP1,POU4F3
chr5,172572134,172574384,DUSP1,KLF16
chr5,172572319,172574568,DUSP1,HOXC9
chr5,172571818,172574070,DUSP1,DUXA
chr5,172572300,172574550,DUSP1,HOXD13
chr5,172571750,172573996,DUSP1,NFATC2
chr5,172572212,172574464,DUSP1,Dmrt1
chr5,172571937,172574189,DUSP1,HSF4
chr5,172572760,172575013,DUSP1,Arid5a
chr5,172573494,172575746,DUSP1,HNF4A
chr5,172573948,172576201,DUSP1,ONECUT3
chr5,172572675,172574931,DUSP1,Alx4
chr5,172572789,172575044,DUSP1,ONECUT1
chr5,172572422,172574675,DUSP1,ONECUT2
chr5,172573571,172575820,DUSP1,SOX14
chr5,172573701,172575951,DUSP1,NFYA
chr5,172571672,172573925,DUSP1,POU4F1
chr5,172572318,172574568,DUSP1,HOXD10
chr5,172572474,172574725,DUSP1,ZNF652
chr5,172573600,172575849,DUSP1,OLIG2
chr5,172571910,172574160,DUSP1,TFAP2B(var.2)
chr5,172572035,172574294,DUSP1,SPI1
chr5,172573321,172575571,DUSP1,ELK4
chr5,172572019,172574270,DUSP1,HINFP
chr5,172573073,172575325,DUSP1,TEAD1
chr5,172573634,172575886,DUSP1,ZFP57
chr5,172572688,172574939,DUSP1,TEAD4
chr5,172573322,172575571,DUSP1,FLI1
chr5,172571883,172574135,DUSP1,OVOL2
chr5,172573214,172575471,DUSP1,IRF2
chr5,172572668,172574917,DUSP1,ETV3
chr5,172573322,172575571,DUSP1,ELK1
chr5,172571820,172574070,DUSP1,TFAP2E
chr5,172573135,172575387,DUSP1,ATF2
chr5,172573323,172575572,DUSP1,ETS2
chr5,172573322,172575571,DUSP1,ELK3
chr5,172573852,172576100,DUSP1,IRF6
chr5,172571856,172574116,DUSP1,IRF1
chr5,172572619,172574874,DUSP1,SPIB
chr5,172572685,172574936,DUSP1,CTCFL
chr5,172573572,172575826,DUSP1,FOXE1
chr5,172571897,172574149,DUSP1,EBF3
chr5,172571892,172574145,DUSP1,ZIC1
chr5,172571806,172574061,DUSP1,SIX2
chr5,172573065,172575315,DUSP1,TFDP1
chr5,172573724,172575973,DUSP1,HES2
chr5,172572080,172574334,DUSP1,Nr5a2
chr5,172573917,172576168,DUSP1,MYC
chr5,172571657,172573909,DUSP1,Plagl1
chr5,172573388,172575638,DUSP1,KLF15
chr5,172571908,172574161,DUSP1,TFAP2C(var.2)
chr5,172571690,172573942,DUSP1,TFAP2C(var.3)
chr5,172573723,172575972,DUSP1,TCFL5
chr5,172571892,172574146,DUSP1,ZIC3
chr5,172573917,172576168,DUSP1,MYCN
chr5,172573918,172576168,DUSP1,MAX::MYC
chr5,172573362,172575611,DUSP1,TFAP4
chr5,172571688,172573942,DUSP1,ZIC4
chr5,172573147,172575400,DUSP1,EGR1
chr5,172571690,172573942,DUSP1,TFAP2B(var.3)
chr5,172571690,172573942,DUSP1,TFAP2A(var.3)
chr5,172572033,172574285,DUSP1,E2F6
chr5,172571992,172574245,DUSP1,CREB3
chr5,172571995,172574246,DUSP1,TCF7L1
chr5,172573263,172575517,DUSP1,PKNOX1
chr5,172572989,172575247,DUSP1,CTCF
chr5,172572368,172574618,DUSP1,FOXB1
chr5,172573427,172575680,DUSP1,ATF4
chr5,172573600,172575849,DUSP1,OLIG1
chr5,172572611,172574862,DUSP1,CREB3L4(var.2)
chr5,172573737,172575987,DUSP1,DUX4
chr5,172572020,172574270,DUSP1,SPDEF
chr5,172572273,172574530,DUSP1,GATA1::TAL1
chr5,172571930,172574183,DUSP1,E2F4
chr5,172571982,172574236,DUSP1,KLF17
chr5,172572405,172574656,DUSP1,ZSCAN29
chr5,172572471,172574722,DUSP1,MYBL1
chr5,172573599,172575850,DUSP1,BHLHE23
chr5,172571820,172574073,DUSP1,FERD3L
chr5,172572217,172574469,DUSP1,NFIL3
chr5,172572361,172574613,DUSP1,ESRRA
chr5,172571897,172574151,DUSP1,EBF1
chr5,172573698,172575949,DUSP1,GFI1
chr5,172573385,172575639,DUSP1,SP1
chr5,172573362,172575611,DUSP1,ATOH1(var.2)
chr5,172572217,172574470,DUSP1,HLF
chr5,172573387,172575640,DUSP1,KLF14
chr5,172572676,172574932,DUSP1,Hmx1
chr5,172573322,172575573,DUSP1,ELF4
chr5,172571931,172574182,DUSP1,E2F1
chr5,172573322,172575573,DUSP1,ELF2
chr5,172571830,172574082,DUSP1,Lhx3
chr5,172571992,172574244,DUSP1,NFKB2
chr5,172572771,172575028,DUSP1,TP73
chr5,172571675,172573927,DUSP1,MEIS1(var.2)
chr5,172572414,172574665,DUSP1,MEF2D
chr5,172572917,172575172,DUSP1,ZNF274
chr5,172572578,172574828,DUSP1,HOXC12
chr5,172571859,172574113,DUSP1,Prdm15
chr5,172572414,172574665,DUSP1,MEF2B
chr6,30458082,30458335,HLA-E,USF2
chr6,30457785,30458035,HLA-E,HOXA10
chr6,30459001,30459251,HLA-E,TBX2
chr6,30457798,30458046,HLA-E,SRY
chr6,30457956,30458203,HLA-E,HOXB6
chr6,30459563,30459813,HLA-E,PROP1
chr6,30458360,30458610,HLA-E,PHOX2A
chr6,30458093,30458343,HLA-E,SOX12
chr6,30459915,30460165,HLA-E,HOXC13
chr6,30457847,30458098,HLA-E,ZNF148
chr6,30457992,30458244,HLA-E,HNF4G
chr6,30459561,30459810,HLA-E,POU6F1
chr6,30458105,30458356,HLA-E,POU3F1
chr6,30459028,30459281,HLA-E,Stat4
chr6,30458106,30458357,HLA-E,POU2F1
chr6,30459047,30459299,HLA-E,HSF2
chr6,30457794,30458046,HLA-E,ZBTB7A
chr6,30459050,30459299,HLA-E,HOXB9
chr6,30457896,30458148,HLA-E,NRL
chr6,30457837,30458087,HLA-E,TCF3
chr6,30458299,30458548,HLA-E,NEUROG1
chr6,30458267,30458521,HLA-E,ZBTB26
chr6,30459079,30459333,HLA-E,STAT1::STAT2
chr6,30457830,30458079,HLA-E,KLF5
chr6,30458720,30458975,HLA-E,POU4F3
chr6,30458511,30458761,HLA-E,KLF16
chr6,30458902,30459151,HLA-E,HOXC9
chr6,30459065,30459317,HLA-E,DUXA
chr6,30458732,30458982,HLA-E,HOXD13
chr6,30457805,30458051,HLA-E,NFATC2
chr6,30459100,30459352,HLA-E,Dmrt1
chr6,30458061,30458313,HLA-E,HSF4
chr6,30458108,30458361,HLA-E,Arid5a
chr6,30457992,30458244,HLA-E,HNF4A
chr6,30459574,30459827,HLA-E,ONECUT3
chr6,30459557,30459813,HLA-E,Alx4
chr6,30459572,30459827,HLA-E,ONECUT1
chr6,30458362,30458611,HLA-E,SOX14
chr6,30458017,30458267,HLA-E,NFYA
chr6,30458722,30458975,HLA-E,POU4F1
chr6,30458690,30458941,HLA-E,ZNF652
chr6,30458299,30458548,HLA-E,OLIG2
chr6,30457896,30458146,HLA-E,TFAP2B(var.2)
chr6,30458114,30458373,HLA-E,SPI1
chr6,30458985,30459235,HLA-E,ELK4
chr6,30459424,30459675,HLA-E,HINFP
chr6,30457925,30458177,HLA-E,TEAD1
chr6,30457926,30458177,HLA-E,TEAD4
chr6,30458178,30458435,HLA-E,IRF2
chr6,30458350,30458599,HLA-E,ETV3
chr6,30458023,30458273,HLA-E,TFAP2E
chr6,30457926,30458178,HLA-E,ATF2
chr6,30458351,30458600,HLA-E,ETS2
chr6,30458986,30459235,HLA-E,ELK3
chr6,30458189,30458449,HLA-E,IRF1
chr6,30458116,30458371,HLA-E,SPIB
chr6,30458021,30458272,HLA-E,CTCFL
chr6,30457893,30458146,HLA-E,PLAG1
chr6,30458522,30458776,HLA-E,FOXE1
chr6,30457881,30458133,HLA-E,ZNF740
chr6,30458023,30458275,HLA-E,EBF3
chr6,30458814,30459067,HLA-E,GLIS2
chr6,30458045,30458295,HLA-E,TFDP1
chr6,30458330,30458584,HLA-E,Nr5a2
chr6,30457990,30458242,HLA-E,Plagl1
chr6,30457809,30458062,HLA-E,TFAP2C(var.2)
chr6,30458056,30458305,HLA-E,TFAP4
chr6,30457876,30458130,HLA-E,ZIC4
chr6,30458965,30459218,HLA-E,EGR1
chr6,30457829,30458081,HLA-E,E2F6
chr6,30457846,30458096,HLA-E,TFEC
chr6,30458639,30458892,HLA-E,CREB3
chr6,30459097,30459348,HLA-E,TCF7L1
chr6,30457779,30458037,HLA-E,CTCF
chr6,30458156,30458406,HLA-E,FOXB1
chr6,30458299,30458548,HLA-E,OLIG1
chr6,30458640,30458891,HLA-E,CREB3L4(var.2)
chr6,30459066,30459316,HLA-E,DUX4
chr6,30458350,30458600,HLA-E,SPDEF
chr6,30459164,30459421,HLA-E,GATA1::TAL1
chr6,30458557,30458810,HLA-E,IRF5
chr6,30459437,30459690,HLA-E,E2F4
chr6,30458893,30459147,HLA-E,KLF17
chr6,30458053,30458304,HLA-E,ZSCAN29
chr6,30458355,30458606,HLA-E,MYBL1
chr6,30458966,30459216,HLA-E,EGR2
chr6,30457943,30458196,HLA-E,Mecom
chr6,30458298,30458549,HLA-E,BHLHE23
chr6,30459202,30459454,HLA-E,NFIL3
chr6,30458489,30458741,HLA-E,ESRRA
chr6,30458022,30458276,HLA-E,EBF1
chr6,30458056,30458305,HLA-E,ATOH1(var.2)
chr6,30459201,30459454,HLA-E,HLF
chr6,30458335,30458586,HLA-E,E2F1
chr6,30457832,30458084,HLA-E,NFKB2
chr6,30458116,30458367,HLA-E,MEF2D
chr6,30458489,30458739,HLA-E,ESRRB
chr6,30458074,30458324,HLA-E,ETV2
chr6,30458046,30458296,HLA-E,GCM1
chr6,30458316,30458570,HLA-E,Prdm15
chr6,30459587,30459843,HLA-E,Six3
chr6,30458116,30458367,HLA-E,MEF2B
chr6,31239656,31239789,HLA-B,USF2
chr6,31239664,31239794,HLA-B,HOXA10
chr6,31239745,31239873,HLA-B,SRY
chr6,31239775,31239902,HLA-B,HOXB6
chr6,31239797,31239927,HLA-B,PHOX2A
chr6,31239759,31239892,HLA-B,Stat4
chr6,31239686,31239817,HLA-B,POU2F1
chr6,31239652,31239782,HLA-B,TCF3
chr6,31239789,31239915,HLA-B,NFATC2
chr6,31239839,31239976,HLA-B,IRF2
chr6,31239840,31239980,HLA-B,IRF1
chr6,31239742,31239875,HLA-B,TFAP2C(var.2)
chr6,31239832,31239964,HLA-B,E2F6
chr6,31239685,31239818,HLA-B,ATF4
chr6,31239797,31239933,HLA-B,Hmx1
chr6,31239819,31239951,HLA-B,MEIS1(var.2)
chr6,31239767,31239902,HLA-B,ZNF274
chr6,31239844,31239977,HLA-B,IRF7
chr6,151561626,151561949,AKAP12,USF2
chr6,151562618,151562937,AKAP12,PAX3
chr6,151561514,151561834,AKAP12,HOXA10
chr6,151561608,151561928,AKAP12,TBX2
chr6,151561551,151561869,AKAP12,SRY
chr6,151561790,151562107,AKAP12,HOXB6
chr6,151561212,151561532,AKAP12,PROP1
chr6,151563166,151563486,AKAP12,PHOX2A
chr6,151562155,151562475,AKAP12,SOX12
chr6,151561275,151561597,AKAP12,HNF4G
chr6,151562543,151562862,AKAP12,POU6F1
chr6,151561411,151561732,AKAP12,POU3F1
chr6,151562145,151562468,AKAP12,Stat4
chr6,151561506,151561827,AKAP12,POU2F1
chr6,151563299,151563621,AKAP12,ZBTB7A
chr6,151563456,151563775,AKAP12,HOXB9
chr6,151563410,151563730,AKAP12,TCF3
chr6,151562269,151562588,AKAP12,NEUROG1
chr6,151563474,151563798,AKAP12,ZBTB26
chr6,151562958,151563282,AKAP12,STAT1::STAT2
chr6,151562732,151563051,AKAP12,KLF5
chr6,151563456,151563775,AKAP12,HOXC9
chr6,151562912,151563234,AKAP12,DUXA
chr6,151561842,151562162,AKAP12,HOXD13
chr6,151561204,151561520,AKAP12,NFATC2
chr6,151562157,151562479,AKAP12,Dmrt1
chr6,151562313,151562635,AKAP12,HSF4
chr6,151561506,151561829,AKAP12,Arid5a
chr6,151561275,151561597,AKAP12,HNF4A
chr6,151562539,151562865,AKAP12,Alx4
chr6,151563277,151563602,AKAP12,ONECUT1
chr6,151562020,151562339,AKAP12,SOX14
chr6,151561849,151562169,AKAP12,NFYA
chr6,151563456,151563776,AKAP12,HOXD10
chr6,151562269,151562588,AKAP12,OLIG2
chr6,151561973,151562293,AKAP12,TFAP2B(var.2)
chr6,151561369,151561698,AKAP12,SPI1
chr6,151563372,151563694,AKAP12,TEAD1
chr6,151563372,151563693,AKAP12,TEAD4
chr6,151561339,151561659,AKAP12,TFAP2E
chr6,151562326,151562648,AKAP12,ATF2
chr6,151562672,151562990,AKAP12,IRF6
chr6,151562954,151563284,AKAP12,IRF1
chr6,151563282,151563607,AKAP12,SPIB
chr6,151562632,151562956,AKAP12,FOXE1
chr6,151562757,151563080,AKAP12,TFAP2C(var.2)
chr6,151562604,151562926,AKAP12,BACH1
chr6,151561505,151561825,AKAP12,FOXB1
chr6,151562269,151562588,AKAP12,OLIG1
chr6,151562737,151563057,AKAP12,SPDEF
chr6,151562240,151562567,AKAP12,GATA1::TAL1
chr6,151562491,151562814,AKAP12,IRF5
chr6,151562268,151562589,AKAP12,BHLHE23
chr6,151562188,151562509,AKAP12,GFI1
chr6,151561280,151561606,AKAP12,Hmx1
chr6,151561280,151561606,AKAP12,Hmx3
chr6,151562542,151562864,AKAP12,Lhx3
chr6,151561744,151562066,AKAP12,MEIS1(var.2)
chr6,151563016,151563336,AKAP12,HOXC12
chr6,151561493,151561819,AKAP12,Six3
chr6,160114049,160114332,SOD2,USF2
chr6,160114135,160114415,SOD2,HOXA10
chr6,160113950,160114230,SOD2,TBX2
chr6,160113904,160114182,SOD2,SRY
chr6,160114265,160114542,SOD2,HOXB6
chr6,160114275,160114555,SOD2,PROP1
chr6,160114275,160114555,SOD2,PHOX2A
chr6,160114233,160114513,SOD2,SOX12
chr6,160113939,160114220,SOD2,POU3F1
chr6,160114225,160114508,SOD2,Stat4
chr6,160113940,160114221,SOD2,POU2F1
chr6,160114083,160114365,SOD2,ZBTB7A
chr6,160114135,160114414,SOD2,HOXB9
chr6,160114117,160114399,SOD2,NRL
chr6,160114369,160114649,SOD2,TCF3
chr6,160113959,160114243,SOD2,ZBTB26
chr6,160114401,160114680,SOD2,KLF5
chr6,160114382,160114662,SOD2,KLF16
chr6,160114135,160114414,SOD2,HOXC9
chr6,160114080,160114362,SOD2,DUXA
chr6,160114003,160114283,SOD2,HOXD13
chr6,160114104,160114380,SOD2,NFATC2
chr6,160114234,160114517,SOD2,Arid5a
chr6,160114154,160114439,SOD2,ONECUT1
chr6,160114487,160114766,SOD2,SOX14
chr6,160114123,160114403,SOD2,NFYA
chr6,160114411,160114691,SOD2,TFAP2B(var.2)
chr6,160114236,160114518,SOD2,TEAD1
chr6,160114236,160114517,SOD2,TEAD4
chr6,160114411,160114691,SOD2,TFAP2E
chr6,160114118,160114408,SOD2,IRF1
chr6,160114313,160114597,SOD2,FOXE1
chr6,160114464,160114748,SOD2,Nr5a2
chr6,160114405,160114687,SOD2,Plagl1
chr6,160114012,160114294,SOD2,TFAP2C(var.3)
chr6,160113948,160114227,SOD2,TFAP4
chr6,160113908,160114192,SOD2,ZIC4
chr6,160114402,160114685,SOD2,EGR1
chr6,160114012,160114294,SOD2,TFAP2B(var.3)
chr6,160114012,160114294,SOD2,TFAP2A(var.3)
chr6,160114113,160114395,SOD2,BACH1
chr6,160114037,160114325,SOD2,CTCF
chr6,160114309,160114592,SOD2,ATF4
chr6,160114244,160114526,SOD2,NFIL3
chr6,160114158,160114439,SOD2,GFI1
chr6,160113948,160114227,SOD2,ATOH1(var.2)
chr6,160114243,160114526,SOD2,HLF
chr6,160113903,160114183,SOD2,GCM1
chr6,160114195,160114479,SOD2,Prdm15
chr8,22413276,22415019,SLC39A14,USF2
chr8,22412490,22414229,SLC39A14,PAX3
chr8,22412576,22414316,SLC39A14,HOXA10
chr8,22413943,22415683,SLC39A14,TBX2
chr8,22412501,22414239,SLC39A14,SRY
chr8,22413393,22415130,SLC39A14,HOXB6
chr8,22414327,22416067,SLC39A14,PROP1
chr8,22412945,22414685,SLC39A14,PHOX2A
chr8,22412490,22414229,SLC39A14,PAX7
chr8,22412967,22414707,SLC39A14,SOX12
chr8,22412971,22414711,SLC39A14,HOXC13
chr8,22412631,22414372,SLC39A14,ZNF148
chr8,22413115,22414857,SLC39A14,HNF4G
chr8,22412943,22414682,SLC39A14,POU6F1
chr8,22412541,22414282,SLC39A14,POU3F1
chr8,22413584,22415327,SLC39A14,Stat4
chr8,22412542,22414283,SLC39A14,POU2F1
chr8,22414119,22415861,SLC39A14,HSF2
chr8,22413184,22414926,SLC39A14,ZBTB7A
chr8,22413559,22415298,SLC39A14,HOXB9
chr8,22413745,22415487,SLC39A14,NRL
chr8,22412624,22414364,SLC39A14,TCF3
chr8,22413984,22415723,SLC39A14,NEUROG1
chr8,22413005,22414749,SLC39A14,ZBTB26
chr8,22412762,22414506,SLC39A14,STAT1::STAT2
chr8,22413173,22414912,SLC39A14,KLF5
chr8,22414327,22416072,SLC39A14,POU4F3
chr8,22413484,22415224,SLC39A14,KLF16
chr8,22413559,22415298,SLC39A14,HOXC9
chr8,22413763,22415505,SLC39A14,DUXA
chr8,22412615,22414355,SLC39A14,HOXD13
chr8,22412990,22414726,SLC39A14,NFATC2
chr8,22413104,22414846,SLC39A14,Dmrt1
chr8,22413050,22414792,SLC39A14,HSF4
chr8,22412536,22414279,SLC39A14,Arid5a
chr8,22413115,22414857,SLC39A14,HNF4A
chr8,22413079,22414822,SLC39A14,ONECUT3
chr8,22412939,22414685,SLC39A14,Alx4
chr8,22414356,22416101,SLC39A14,ONECUT1
chr8,22413079,22414822,SLC39A14,ONECUT2
chr8,22414794,22416533,SLC39A14,SOX14
chr8,22412984,22414724,SLC39A14,NFYA
chr8,22414329,22416072,SLC39A14,POU4F1
chr8,22413558,22415298,SLC39A14,HOXD10
chr8,22413554,22415295,SLC39A14,ZNF652
chr8,22413298,22415037,SLC39A14,OLIG2
chr8,22413396,22415136,SLC39A14,TFAP2B(var.2)
chr8,22412705,22414454,SLC39A14,SPI1
chr8,22413189,22414929,SLC39A14,ELK4
chr8,22412667,22414408,SLC39A14,HINFP
chr8,22412703,22414445,SLC39A14,TEAD1
chr8,22413374,22415116,SLC39A14,ZFP57
chr8,22413729,22415470,SLC39A14,TEAD4
chr8,22412624,22414363,SLC39A14,FLI1
chr8,22413216,22414955,SLC39A14,ERF
chr8,22413047,22414789,SLC39A14,OVOL2
chr8,22412830,22414577,SLC39A14,IRF2
chr8,22413474,22415213,SLC39A14,ETV3
chr8,22413474,22415213,SLC39A14,ELK1
chr8,22413047,22414787,SLC39A14,TFAP2E
chr8,22412515,22414257,SLC39A14,ATF2
chr8,22413473,22415212,SLC39A14,ETS2
chr8,22413190,22414929,SLC39A14,ELK3
chr8,22412999,22414737,SLC39A14,IRF6
chr8,22412826,22414576,SLC39A14,IRF1
chr8,22412707,22414452,SLC39A14,SPIB
chr8,22413947,22415688,SLC39A14,CTCFL
chr8,22412530,22414273,SLC39A14,PLAG1
chr8,22412626,22414370,SLC39A14,FOXE1
chr8,22413123,22414865,SLC39A14,ZNF740
chr8,22412628,22414370,SLC39A14,EBF3
chr8,22412968,22414711,SLC39A14,GLIS2
chr8,22412602,22414347,SLC39A14,SIX2
chr8,22412552,22414292,SLC39A14,TFDP1
chr8,22413866,22415605,SLC39A14,HES2
chr8,22412589,22414333,SLC39A14,Nr5a2
chr8,22413990,22415729,SLC39A14,TFCP2
chr8,22413865,22415606,SLC39A14,MYC
chr8,22412705,22414447,SLC39A14,Plagl1
chr8,22413570,22415310,SLC39A14,KLF15
chr8,22412831,22414574,SLC39A14,TFAP2C(var.2)
chr8,22413085,22414827,SLC39A14,TFAP2C(var.3)
chr8,22413313,22415052,SLC39A14,TCFL5
chr8,22413865,22415606,SLC39A14,MYCN
chr8,22413866,22415606,SLC39A14,MAX::MYC
chr8,22412856,22414595,SLC39A14,TFAP4
chr8,22413943,22415687,SLC39A14,ZIC4
chr8,22413313,22415054,SLC39A14,ZBTB14
chr8,22413268,22415011,SLC39A14,EGR1
chr8,22412538,22414280,SLC39A14,TFAP2B(var.3)
chr8,22412538,22414280,SLC39A14,TFAP2A(var.3)
chr8,22412698,22414440,SLC39A14,E2F6
chr8,22413865,22415605,SLC39A14,TFEC
chr8,22413754,22415497,SLC39A14,CREB3
chr8,22413659,22415398,SLC39A14,BHLHE41
chr8,22413372,22415113,SLC39A14,TCF7L1
chr8,22412706,22414450,SLC39A14,PKNOX1
chr8,22413628,22415370,SLC39A14,BACH1
chr8,22413969,22415717,SLC39A14,CTCF
chr8,22412627,22414367,SLC39A14,FOXB1
chr8,22414225,22415968,SLC39A14,ATF4
chr8,22413984,22415723,SLC39A14,OLIG1
chr8,22413755,22415496,SLC39A14,CREB3L4(var.2)
chr8,22412745,22414485,SLC39A14,DUX4
chr8,22413215,22414955,SLC39A14,SPDEF
chr8,22413304,22415051,SLC39A14,GATA1::TAL1
chr8,22413656,22415399,SLC39A14,E2F4
chr8,22412998,22414742,SLC39A14,KLF17
chr8,22413918,22415659,SLC39A14,ZSCAN29
chr8,22413619,22415360,SLC39A14,MYBL1
chr8,22412527,22414267,SLC39A14,EGR2
chr8,22413474,22415217,SLC39A14,Mecom
chr8,22413983,22415724,SLC39A14,BHLHE23
chr8,22413726,22415472,SLC39A14,SP4
chr8,22412854,22414597,SLC39A14,FERD3L
chr8,22412680,22414422,SLC39A14,NFIL3
chr8,22414636,22416381,SLC39A14,EGR4
chr8,22412591,22414333,SLC39A14,ESRRA
chr8,22413077,22414821,SLC39A14,EBF1
chr8,22413499,22415240,SLC39A14,GFI1
chr8,22413728,22415472,SLC39A14,SP1
chr8,22412856,22414595,SLC39A14,ATOH1(var.2)
chr8,22412680,22414423,SLC39A14,HLF
chr8,22413727,22415470,SLC39A14,KLF14
chr8,22412782,22414522,SLC39A14,NRF1
chr8,22412891,22414637,SLC39A14,Hmx1
chr8,22413472,22415213,SLC39A14,ELF4
chr8,22413657,22415398,SLC39A14,E2F1
chr8,22412971,22414711,SLC39A14,HOXD12
chr8,22412891,22414637,SLC39A14,Hmx3
chr8,22413472,22415213,SLC39A14,ELF2
chr8,22412608,22414350,SLC39A14,Lhx3
chr8,22412510,22414252,SLC39A14,NFKB2
chr8,22412519,22414266,SLC39A14,TP73
chr8,22412663,22414405,SLC39A14,MEIS1(var.2)
chr8,22413892,22415633,SLC39A14,MEF2D
chr8,22412593,22414333,SLC39A14,ESRRB
chr8,22413757,22415503,SLC39A14,NR3C2
chr8,22413223,22414967,SLC39A14,ZBTB33
chr8,22412623,22414363,SLC39A14,ETV2
chr8,22412553,22414298,SLC39A14,ZNF274
chr8,22412971,22414711,SLC39A14,HOXC12
chr8,22414324,22416069,SLC39A14,PHOX2B
chr8,22412715,22414455,SLC39A14,GCM1
chr8,22413491,22415235,SLC39A14,Prdm15
chr8,22412556,22414302,SLC39A14,Six3
chr8,22413892,22415633,SLC39A14,MEF2B
chr8,22413819,22415563,SLC39A14,Pou5f1::Sox2
chr9,128117220,128118033,HSPA5,USF2
chr9,128118030,128118839,HSPA5,PAX3
chr9,128118728,128119538,HSPA5,HOXA10
chr9,128117293,128118103,HSPA5,TBX2
chr9,128117545,128118353,HSPA5,SRY
chr9,128117121,128117928,HSPA5,HOXB6
chr9,128119133,128119943,HSPA5,PROP1
chr9,128119133,128119943,HSPA5,PHOX2A
chr9,128119264,128120073,HSPA5,PAX7
chr9,128117646,128118456,HSPA5,SOX12
chr9,128117276,128118086,HSPA5,HOXC13
chr9,128117416,128118227,HSPA5,ZNF148
chr9,128119271,128120083,HSPA5,HNF4G
chr9,128117356,128118165,HSPA5,POU6F1
chr9,128117406,128118217,HSPA5,POU3F1
chr9,128117182,128117995,HSPA5,Stat4
chr9,128117405,128118216,HSPA5,POU2F1
chr9,128118451,128119263,HSPA5,HSF2
chr9,128117187,128117999,HSPA5,ZBTB7A
chr9,128118247,128119056,HSPA5,HOXB9
chr9,128117896,128118708,HSPA5,NRL
chr9,128117136,128117946,HSPA5,TCF3
chr9,128117277,128118086,HSPA5,NEUROG1
chr9,128117123,128117937,HSPA5,ZBTB26
chr9,128119158,128119972,HSPA5,STAT1::STAT2
chr9,128117136,128117945,HSPA5,KLF5
chr9,128118717,128119532,HSPA5,POU4F3
chr9,128117340,128118150,HSPA5,KLF16
chr9,128118247,128119056,HSPA5,HOXC9
chr9,128117422,128118234,HSPA5,DUXA
chr9,128117975,128118785,HSPA5,HOXD13
chr9,128117250,128118056,HSPA5,NFATC2
chr9,128118715,128119527,HSPA5,Dmrt1
chr9,128117246,128118058,HSPA5,HSF4
chr9,128117375,128118188,HSPA5,Arid5a
chr9,128119271,128120083,HSPA5,HNF4A
chr9,128117352,128118168,HSPA5,Alx4
chr9,128117172,128117987,HSPA5,ONECUT1
chr9,128118072,128118885,HSPA5,ONECUT2
chr9,128117229,128118038,HSPA5,SOX14
chr9,128117244,128118054,HSPA5,NFYA
chr9,128118022,128118835,HSPA5,POU4F1
chr9,128118247,128119057,HSPA5,HOXD10
chr9,128117436,128118247,HSPA5,ZNF652
chr9,128117277,128118086,HSPA5,OLIG2
chr9,128117454,128118264,HSPA5,TFAP2B(var.2)
chr9,128117925,128118744,HSPA5,SPI1
chr9,128117188,128117998,HSPA5,ELK4
chr9,128117261,128118072,HSPA5,HINFP
chr9,128117470,128118282,HSPA5,TEAD1
chr9,128117148,128117960,HSPA5,ZFP57
chr9,128117481,128118292,HSPA5,TEAD4
chr9,128117936,128118745,HSPA5,FLI1
chr9,128117752,128118561,HSPA5,ERF
chr9,128117309,128118121,HSPA5,OVOL2
chr9,128117368,128118185,HSPA5,IRF2
chr9,128117752,128118561,HSPA5,ETV3
chr9,128117936,128118745,HSPA5,ELK1
chr9,128117170,128117980,HSPA5,TFAP2E
chr9,128117436,128118248,HSPA5,ATF2
chr9,128117937,128118746,HSPA5,ETS2
chr9,128117491,128118300,HSPA5,ELK3
chr9,128117668,128118476,HSPA5,IRF6
chr9,128117369,128118189,HSPA5,IRF1
chr9,128117927,128118742,HSPA5,SPIB
chr9,128117925,128118736,HSPA5,CTCFL
chr9,128117608,128118421,HSPA5,PLAG1
chr9,128117551,128118365,HSPA5,FOXE1
chr9,128118580,128119392,HSPA5,ZNF740
chr9,128117948,128118760,HSPA5,EBF3
chr9,128119257,128120070,HSPA5,GLIS2
chr9,128117274,128118089,HSPA5,SIX2
chr9,128119061,128119871,HSPA5,TFDP1
chr9,128118410,128119219,HSPA5,HES2
chr9,128118312,128119126,HSPA5,Nr5a2
chr9,128118483,128119292,HSPA5,TFCP2
chr9,128118409,128119220,HSPA5,MYC
chr9,128117451,128118263,HSPA5,Plagl1
chr9,128119186,128119996,HSPA5,KLF15
chr9,128117169,128117982,HSPA5,TFAP2C(var.2)
chr9,128117454,128118266,HSPA5,TFAP2C(var.3)
chr9,128118411,128119220,HSPA5,TCFL5
chr9,128119201,128120015,HSPA5,ZIC3
chr9,128118409,128119220,HSPA5,MYCN
chr9,128118410,128119220,HSPA5,MAX::MYC
chr9,128118751,128119560,HSPA5,TFAP4
chr9,128118923,128119737,HSPA5,ZIC4
chr9,128117849,128118660,HSPA5,ZBTB14
chr9,128117131,128117944,HSPA5,EGR1
chr9,128118572,128119384,HSPA5,TFAP2B(var.3)
chr9,128118572,128119384,HSPA5,TFAP2A(var.3)
chr9,128118901,128119713,HSPA5,E2F6
chr9,128118344,128119154,HSPA5,TFEC
chr9,128118390,128119203,HSPA5,CREB3
chr9,128118410,128119219,HSPA5,BHLHE41
chr9,128117764,128118575,HSPA5,TCF7L1
chr9,128117797,128118611,HSPA5,PKNOX1
chr9,128117401,128118213,HSPA5,BACH1
chr9,128118375,128119193,HSPA5,CTCF
chr9,128117233,128118043,HSPA5,FOXB1
chr9,128118154,128118967,HSPA5,ATF4
chr9,128117277,128118086,HSPA5,OLIG1
chr9,128117894,128118705,HSPA5,CREB3L4(var.2)
chr9,128117423,128118233,HSPA5,DUX4
chr9,128118522,128119332,HSPA5,SPDEF
chr9,128117540,128118357,HSPA5,GATA1::TAL1
chr9,128117288,128118101,HSPA5,IRF5
chr9,128117351,128118164,HSPA5,E2F4
chr9,128117335,128118149,HSPA5,KLF17
chr9,128118756,128119567,HSPA5,ZSCAN29
chr9,128117433,128118244,HSPA5,MYBL1
chr9,128117266,128118076,HSPA5,EGR2
chr9,128117169,128117982,HSPA5,Mecom
chr9,128117276,128118087,HSPA5,BHLHE23
chr9,128119183,128119999,HSPA5,SP4
chr9,128118749,128119562,HSPA5,FERD3L
chr9,128117974,128118788,HSPA5,EGR3
chr9,128117673,128118485,HSPA5,NFIL3
chr9,128117974,128118789,HSPA5,EGR4
chr9,128117345,128118157,HSPA5,ESRRA
chr9,128117564,128118378,HSPA5,EBF1
chr9,128117699,128118510,HSPA5,GFI1
chr9,128119183,128119997,HSPA5,SP1
chr9,128118751,128119560,HSPA5,ATOH1(var.2)
chr9,128117673,128118486,HSPA5,HLF
chr9,128119185,128119998,HSPA5,KLF14
chr9,128117138,128117948,HSPA5,NRF1
chr9,128117475,128118291,HSPA5,Hmx1
chr9,128117936,128118747,HSPA5,ELF4
chr9,128117338,128118154,HSPA5,SP2
chr9,128118821,128119632,HSPA5,E2F1
chr9,128117295,128118105,HSPA5,HOXD12
chr9,128118010,128118826,HSPA5,Hmx3
chr9,128117936,128118747,HSPA5,ELF2
chr9,128117368,128118180,HSPA5,Lhx3
chr9,128118226,128119038,HSPA5,NFKB2
chr9,128118349,128119166,HSPA5,TP73
chr9,128118045,128118856,HSPA5,MEF2D
chr9,128117131,128117941,HSPA5,ESRRB
chr9,128118053,128118869,HSPA5,NR3C2
chr9,128117471,128118286,HSPA5,ZNF274
chr9,128117672,128118487,HSPA5,PHOX2B
chr9,128118350,128119160,HSPA5,GCM1
chr9,128117927,128118741,HSPA5,Prdm15
chr9,128118525,128119341,HSPA5,Six3
chr9,128118045,128118856,HSPA5,MEF2B
chr9,128117674,128118488,HSPA5,Pou5f1::Sox2
