chr1	8921061	8939308	No-TAD	1
chr1	8921061	8939308	No-TAD	1
chr1	25870071	25895377	TAD	-1
chr1	39546988	39952849	No-TAD	1
chr1	45240923	45244451	TAD	-1
chr1	45240923	45244451	TAD	-1
chr1	115259534	115301297	No-TAD	1
chr1	150335567	150449042	TAD	-1
chr1	167885967	167906278	TAD	-1
chr1	182992595	183114727	TAD	-1
chr2	85833777	85839189	TAD	-1
chr2	97481982	97499648	No-TAD	1
chr2	189896622	190044605	TAD	-1
chr2	217536828	217560248	TAD	-1
chr2	224839829	224904036	TAD	-1
chr2	232318242	232348352	TAD	-1
chr2	232318242	232348352	TAD	-1
chr2	238232646	238323018	TAD	-1
chr2	242166679	242193529	TAD	-1
chr3	33839844	33911199	TAD	-1
chr3	41236328	41301587	TAD	-1
chr3	57994127	58157978	TAD	-1
chr3	99979844	100044095	TAD	-1
chr3	112051194	112081659	TAD	-1
chr3	112315641	112368377	TAD	-1
chr3	112315641	112368377	TAD	-1
chr3	120111140	120170100	TAD	-1
chr4	13542454	13546674	TAD	-1
chr4	55095264	55164414	TAD	-1
chr4	88394487	88452213	No-TAD	1
chr5	136310987	136934068	No-TAD	1
chr5	151040657	151066726	TAD	-1
chr5	151040657	151066726	TAD	-1
chr5	179105629	179157926	TAD	-1
chr5	180663909	180675096	No-TAD	1
chr6	44213903	44221625	TAD	-1
chr6	44213903	44221625	TAD	-1
chr6	44213903	44221625	TAD	-1
chr6	74225473	74233520	TAD	-1
chr6	166778407	166796501	TAD	-1
chr7	94023873	94060544	No-TAD	1
chr7	129658126	129691291	No-TAD	1
chr8	11700033	11726957	TAD	-1
chr8	11700033	11726957	TAD	-1
chr8	56608983	56685966	TAD	-1
chr8	59496063	59572403	TAD	-1
chr8	95731931	95806064	TAD	-1
chr8	100885428	100906290	TAD	-1
chr8	101162812	101166230	TAD	-1
chr9	137533620	137736689	No-TAD	1
chr10	15139179	15181817	No-TAD	1
chr10	17270258	17279592	TAD	-1
chr10	21781587	21786191	TAD	-1
chr10	33189247	33294720	TAD	-1
chr10	33189247	33294720	TAD	-1
chr10	33189247	33294720	TAD	-1
chr10	73576055	73611132	TAD	-1
chr10	103986085	103989346	TAD	-1
chr11	1605572	1606513	TAD	-1
chr11	3875757	4114440	TAD	-1
chr11	10818597	10830657	TAD	-1
chr11	18415935	18429972	TAD	-1
chr11	18415935	18429972	TAD	-1
chr11	47593749	47600567	No-TAD	1
chr11	64358113	64369825	TAD	-1
chr11	66129992	66139685	TAD	-1
chr11	75110530	75133324	No-TAD	1
chr11	82970139	82997450	No-TAD	1
chr11	82970139	82997450	No-TAD	1
chr11	122928197	122933938	No-TAD	1
chr12	6058040	6233936	TAD	-1
chr12	6643093	6647540	No-TAD	1
chr12	91534261	91576900	TAD	-1
chr12	120634489	120639038	TAD	-1
chr12	125396150	125401914	No-TAD	1
chr13	110958159	111165374	TAD	-1
chr13	110801310	110959496	TAD	-1
chr14	50085237	50087403	No-TAD	1
chr14	67761088	67826982	No-TAD	1
chr14	102547075	102606036	TAD	-1
chr15	34517200	34522357	No-TAD	1
chr15	39873280	39891667	TAD	-1
chr15	39873280	39891667	TAD	-1
chr15	39873280	39891667	TAD	-1
chr15	45003675	45011075	TAD	-1
chr15	45003675	45011075	TAD	-1
chr15	48700503	48938046	TAD	-1
chr15	66790353	66816870	No-TAD	1
chr15	72491370	72524163	TAD	-1
chr16	30064411	30081778	No-TAD	1
chr16	67209505	67217943	TAD	-1
chr17	48260650	48278993	TAD	-1
chr17	79476997	79490873	TAD	-1
chr18	2537524	2571508	TAD	-1
chr19	2096428	2099592	TAD	-1
chr19	3976054	3985467	TAD	-1
chr19	4247076	4269087	TAD	-1
chr19	13049392	13055303	TAD	-1
chr19	38874905	38878722	No-TAD	1
chr19	49468558	49470135	TAD	-1
chr19	49468558	49470135	TAD	-1
chr19	49990811	49995565	TAD	-1
chr19	55964352	55973710	TAD	-1
chr20	36755789	36794980	TAD	-1
chr20	36755789	36794980	TAD	-1
chr20	44577292	44600811	No-TAD	1
chr21	45553487	45565605	TAD	-1
chr22	33197687	33259030	TAD	-1
chr22	36677327	36784063	TAD	-1
chr22	36677327	36784063	TAD	-1
chr22	40440821	40731812	TAD	-1
chr22	42069934	42086508	TAD	-1
chr22	45898118	45997015	No-TAD	1
chrX	23801290	23804343	TAD	-1
chrX	46306292	46356857	TAD	-1
chrX	102192200	102193228	TAD	-1
chr1	22148738	22263790	TAD	-1
chr1	201452658	201478584	TAD	-1
chr1	208195587	208417665	TAD	-1
chr1	225674537	225840844	TAD	-1
chr1	244617679	244804479	TAD	-1
chr2	74119441	74146992	TAD	-1
chr2	216225163	216300895	TAD	-1
chr2	220283099	220291461	TAD	-1
chr3	49145479	49158371	TAD	-1
chr4	76404247	76439974	No-TAD	1
chr4	119771843	119982402	TAD	-1
chr5	71403061	71505397	No-TAD	1
chr5	135364584	135399507	TAD	-1
chr5	135364584	135399507	TAD	-1
chr7	5566782	5603415	TAD	-1
chr7	5566782	5603415	TAD	-1
chr7	5566782	5603415	TAD	-1
chr7	100770370	100782547	TAD	-1
chr7	126986844	127071978	TAD	-1
chr7	128470431	128499328	No-TAD	1
chr7	134429003	134655479	TAD	-1
chr8	40010974	40012827	TAD	-1
chr8	140742586	141468678	TAD	-1
chr9	79226292	79521003	TAD	-1
chr9	117350026	117360653	TAD	-1
chr9	117781857	117880536	TAD	-1
chr9	123970072	124095121	TAD	-1
chr10	90694831	90751096	TAD	-1
chr10	90694831	90751096	TAD	-1
chr10	97071528	97321171	TAD	-1
chr10	97071528	97321171	TAD	-1
chr10	105253736	105352309	TAD	-1
chr11	62201014	62323707	No-TAD	1
chr11	117070037	117075498	TAD	-1
chr11	117070037	117075498	TAD	-1
chr11	117070037	117075498	TAD	-1
chr12	54789045	54813244	TAD	-1
chr12	54789045	54813244	TAD	-1
chr15	56713742	56757335	No-TAD	1
chr15	63334831	63364114	TAD	-1
chr15	63334831	63364114	TAD	-1
chr16	15797029	15950890	No-TAD	1
chr17	36827956	36831674	TAD	-1
chr19	11649532	11661138	No-TAD	1
chr20	35169887	35179850	TAD	-1
chr21	34804792	34852318	TAD	-1
chrX	69509940	69640682	No-TAD	1
chrX	153576892	153603006	No-TAD	1
chr1	1865000	1985000	TAD	-1
chr1	144835000	145835000	TAD	-1
chr1	150525000	150600000	TAD	-1
chr1	150520000	150970000	TAD	-1
chr1	150420000	150980000	TAD	-1
chr1	153320000	153465000	TAD	-1
chr1	161155000	161360000	TAD	-1
chr1	170655000	170905000	TAD	-1
chr1	182050000	182375000	TAD	-1
chr2	11605000	11735000	TAD	-1
chr2	11270000	11755000	TAD	-1
chr2	20630000	20850000	TAD	-1
chr2	46235000	46620000	TAD	-1
chr2	46200000	47140000	TAD	-1
chr3	39230000	39330000	TAD	-1
chr3	64515000	65740000	TAD	-1
chr3	195800000	195930000	TAD	-1
chr4	142555000	142635000	TAD	-1
chr4	185745000	185840000	TAD	-1
chr4	185655000	185910000	TAD	-1
chr4	185655000	186060000	TAD	-1
chr5	140700000	140790000	TAD	-1
chr5	172140000	172370000	TAD	-1
chr6	26595000	27095000	TAD	-1
chr6	30445000	30525000	TAD	-1
chr6	30435000	30585000	TAD	-1
chr6	30430000	30705000	TAD	-1
chr6	31165000	31345000	TAD	-1
chr6	30705000	31415000	TAD	-1
chr6	32075000	32165000	TAD	-1
chr6	119465000	119670000	TAD	-1
chr6	151195000	151690000	TAD	-1
chr6	160110000	160220000	TAD	-1
chr6	160100000	160505000	TAD	-1
chr7	105925000	105995000	TAD	-1
chr7	105815000	106120000	TAD	-1
chr7	106295000	106395000	TAD	-1
chr7	106165000	106405000	TAD	-1
chr8	22100000	22250000	TAD	-1
chr8	22085000	22465000	TAD	-1
chr9	127950000	128140000	TAD	-1
chr9	127630000	128145000	TAD	-1
chr10	70745000	70870000	TAD	-1
chr11	35015000	35190000	TAD	-1
chr11	34935000	35430000	TAD	-1
chr12	56510000	56585000	TAD	-1
chr12	56510000	56885000	TAD	-1
chr12	56510000	57025000	TAD	-1
chr12	70630000	70755000	TAD	-1
chr12	121020000	121165000	TAD	-1
chr13	20760000	21065000	TAD	-1
chr13	31445000	31730000	TAD	-1
chr13	46760000	46890000	TAD	-1
chr14	61930000	62305000	TAD	-1
chr14	61745000	62320000	TAD	-1
chr15	89785000	89875000	TAD	-1
chr16	53560000	55470000	TAD	-1
chr16	56540000	56760000	TAD	-1
chr17	40465000	40560000	TAD	-1
chr17	40440000	40690000	TAD	-1
chr17	40075000	40690000	TAD	-1
chr17	76255000	76370000	TAD	-1
chr17	76070000	76430000	TAD	-1
chr17	76255000	76430000	TAD	-1
chr20	23050000	23145000	TAD	-1
chr20	23025000	23210000	TAD	-1
chr20	22670000	23325000	TAD	-1
chr20	43750000	43920000	TAD	-1
chrX	64800000	64955000	TAD	-1
chrX	64790000	65235000	TAD	-1
chrX	108950000	109125000	TAD	-1
chrX	133635000	133905000	TAD	-1
chr2	20870000	21035000	No_TAD	1
chr4	74435000	74530000	No_TAD	1
chr5	82770000	82870000	No_TAD	1
chr8	17015000	17175000	No_TAD	1
chr8	74210000	74575000	No_TAD	1
chr10	101585000	101945000	No_TAD	1
chr12	131360000	131600000	No_TAD	1
chr16	87805000	87960000	No_TAD	1
chr17	35770000	35850000	No_TAD	1
chr17	57825000	57940000	No_TAD	1
chr20	2655000	3025000	No_TAD	1
chrX	150300000	150875000	No_TAD	1